2024.08.01,00:00,1.1,1.10022,1.09992,1.1,315
2024.08.01,01:00,1.1,1.10022,1.09994,1.10009,305
2024.08.01,02:00,1.10009,1.10016,1.0996,1.09978,418
2024.08.01,03:00,1.09978,1.10028,1.09963,1.1,632
2024.08.01,04:00,1.1,1.10057,1.09978,1.10029,328
2024.08.01,05:00,1.10029,1.10032,1.0997,1.0997,441
2024.08.01,06:00,1.0997,1.09976,1.09925,1.09931,589
2024.08.01,07:00,1.09931,1.09981,1.09921,1.09935,268
2024.08.01,08:00,1.09935,1.09965,1.09923,1.09925,612
2024.08.01,09:00,1.09925,1.09932,1.09917,1.09925,224
2024.08.01,10:00,1.09925,1.09937,1.09893,1.09899,228
2024.08.01,11:00,1.09899,1.09932,1.09883,1.09926,313
2024.08.01,12:00,1.09926,1.09959,1.09917,1.09949,357
2024.08.01,13:00,1.09949,1.09953,1.09947,1.09951,126
2024.08.01,14:00,1.09951,1.09993,1.09938,1.09985,965
2024.08.01,15:00,1.09985,1.10028,1.09972,1.09999,377
2024.08.01,16:00,1.09999,1.10001,1.09949,1.09973,824
2024.08.01,17:00,1.09973,1.1003,1.09954,1.09984,911
2024.08.01,18:00,1.09984,1.09986,1.09954,1.09955,820
2024.08.01,19:00,1.09955,1.10017,1.09938,1.09982,848
2024.08.01,20:00,1.09982,1.09989,1.09964,1.0998,190
2024.08.01,21:00,1.0998,1.09999,1.09963,1.09975,434
2024.08.01,22:00,1.09975,1.09989,1.09926,1.09954,771
2024.08.01,23:00,1.09954,1.10008,1.09934,1.09991,618
2024.08.02,00:00,1.09991,1.1,1.09976,1.09986,105
2024.08.02,01:00,1.09986,1.10006,1.09965,1.09973,610
2024.08.02,02:00,1.09973,1.09974,1.09962,1.09963,824
2024.08.02,03:00,1.09963,1.10005,1.0994,1.09979,845
2024.08.02,04:00,1.09979,1.10017,1.09978,1.0999,445
2024.08.02,05:00,1.0999,1.10031,1.09966,1.10002,312
2024.08.02,06:00,1.10002,1.1005,1.09991,1.10015,378
2024.08.02,07:00,1.10015,1.10082,1.10005,1.10079,366
2024.08.02,08:00,1.10079,1.10102,1.10029,1.10067,411
2024.08.02,09:00,1.10067,1.10067,1.10052,1.10052,371
2024.08.02,10:00,1.10052,1.10097,1.09983,1.10027,511
2024.08.02,11:00,1.10027,1.1005,1.1002,1.10046,136
2024.08.02,12:00,1.10046,1.10083,1.10007,1.1008,347
2024.08.02,13:00,1.1008,1.10122,1.10045,1.10076,383
2024.08.02,14:00,1.10076,1.10105,1.10015,1.10051,238
2024.08.02,15:00,1.10051,1.10059,1.10006,1.10026,890
2024.08.02,16:00,1.10026,1.1008,1.10008,1.10046,707
2024.08.02,17:00,1.10046,1.10077,1.10031,1.10068,920
2024.08.02,18:00,1.10068,1.10096,1.10064,1.10085,605
2024.08.02,19:00,1.10085,1.10087,1.10039,1.10065,198
2024.08.02,20:00,1.10065,1.10078,1.10052,1.10072,914
2024.08.02,21:00,1.10072,1.10091,1.10058,1.10075,512
2024.08.02,22:00,1.10075,1.10098,1.10057,1.10082,715
2024.08.02,23:00,1.10082,1.10125,1.10066,1.10108,443
2024.08.03,00:00,1.10108,1.10142,1.10102,1.10114,544
2024.08.03,01:00,1.10114,1.10141,1.10087,1.10135,540
2024.08.03,02:00,1.10135,1.1014,1.10129,1.10137,356
2024.08.03,03:00,1.10137,1.10158,1.10122,1.10145,599
2024.08.03,04:00,1.10145,1.10165,1.10128,1.10164,760
2024.08.03,05:00,1.10164,1.10177,1.10097,1.10121,118
2024.08.03,06:00,1.10121,1.10142,1.1009,1.10111,217
2024.08.03,07:00,1.10111,1.10118,1.10082,1.10097,858
2024.08.03,08:00,1.10097,1.10119,1.10023,1.10078,612
2024.08.03,09:00,1.10078,1.10084,1.10034,1.1007,976
2024.08.03,10:00,1.1007,1.10137,1.10041,1.10114,644
2024.08.03,11:00,1.10114,1.10129,1.1008,1.10088,688
2024.08.03,12:00,1.10088,1.10141,1.10073,1.10118,909
2024.08.03,13:00,1.10118,1.10129,1.10034,1.10067,694
2024.08.03,14:00,1.10067,1.1008,1.10032,1.10057,396
2024.08.03,15:00,1.10057,1.10088,1.10056,1.10062,575
2024.08.03,16:00,1.10062,1.10086,1.10056,1.10079,312
2024.08.03,17:00,1.10079,1.10105,1.10077,1.10101,400
2024.08.03,18:00,1.10101,1.10135,1.10096,1.10125,712
2024.08.03,19:00,1.10125,1.10167,1.10082,1.10114,234
2024.08.03,20:00,1.10114,1.10115,1.10092,1.101,704
2024.08.03,21:00,1.101,1.10166,1.10086,1.10126,625
2024.08.03,22:00,1.10126,1.10129,1.10097,1.1012,377
2024.08.03,23:00,1.1012,1.10122,1.10059,1.10082,140
2024.08.04,00:00,1.10082,1.10093,1.10033,1.10048,734
2024.08.04,01:00,1.10048,1.10066,1.10015,1.1002,842
2024.08.04,02:00,1.1002,1.10075,1.0997,1.10035,757
2024.08.04,03:00,1.10035,1.10073,1.09993,1.1004,478
2024.08.04,04:00,1.1004,1.10065,1.10019,1.1006,688
2024.08.04,05:00,1.1006,1.10075,1.10037,1.10047,473
2024.08.04,06:00,1.10047,1.10078,1.10045,1.10052,422
2024.08.04,07:00,1.10052,1.10077,1.10049,1.10071,394
2024.08.04,08:00,1.10071,1.1011,1.10023,1.10062,289
2024.08.04,09:00,1.10062,1.10101,1.10036,1.10075,972
2024.08.04,10:00,1.10075,1.1013,1.10055,1.10056,699
2024.08.04,11:00,1.10056,1.1006,1.10039,1.10045,257
2024.08.04,12:00,1.10045,1.10048,1.10019,1.10033,878
2024.08.04,13:00,1.10033,1.10042,1.09997,1.09997,236
2024.08.04,14:00,1.09997,1.10034,1.09965,1.10012,634
2024.08.04,15:00,1.10012,1.10036,1.0997,1.09998,248
2024.08.04,16:00,1.09998,1.10002,1.09984,1.09998,425
2024.08.04,17:00,1.09998,1.10055,1.09958,1.10013,692
2024.08.04,18:00,1.10013,1.10038,1.10012,1.10026,999
2024.08.04,19:00,1.10026,1.10057,1.10006,1.10046,992
2024.08.04,20:00,1.10046,1.10052,1.10042,1.10043,906
2024.08.04,21:00,1.10043,1.10063,1.1003,1.1003,311
2024.08.04,22:00,1.1003,1.10054,1.10016,1.10028,184
2024.08.04,23:00,1.10028,1.10068,1.09975,1.09977,915
2024.08.05,00:00,1.09977,1.09997,1.09928,1.09934,930
2024.08.05,01:00,1.09934,1.09949,1.09879,1.09894,350
2024.08.05,02:00,1.09894,1.09928,1.09862,1.09864,117
2024.08.05,03:00,1.09864,1.09895,1.09852,1.09876,683
2024.08.05,04:00,1.09876,1.09907,1.09803,1.09849,168
2024.08.05,05:00,1.09849,1.09854,1.09836,1.09838,136
2024.08.05,06:00,1.09838,1.09894,1.09807,1.09877,943
2024.08.05,07:00,1.09877,1.09882,1.09862,1.09866,546
2024.08.05,08:00,1.09866,1.0989,1.09861,1.09888,200
2024.08.05,09:00,1.09888,1.09916,1.09834,1.0986,689
2024.08.05,10:00,1.0986,1.09865,1.09845,1.09854,432
2024.08.05,11:00,1.09854,1.0989,1.09821,1.09826,582
2024.08.05,12:00,1.09826,1.09842,1.09784,1.09815,908
2024.08.05,13:00,1.09815,1.09852,1.09811,1.09841,314
2024.08.05,14:00,1.09841,1.09849,1.09761,1.09789,681
2024.08.05,15:00,1.09789,1.09833,1.09776,1.09802,845
2024.08.05,16:00,1.09802,1.09823,1.09769,1.09809,481
2024.08.05,17:00,1.09809,1.09821,1.0979,1.09791,973
2024.08.05,18:00,1.09791,1.09798,1.097,1.09748,503
2024.08.05,19:00,1.09748,1.09777,1.09738,1.0975,513
2024.08.05,20:00,1.0975,1.09762,1.09719,1.09734,895
2024.08.05,21:00,1.09734,1.09756,1.0971,1.09741,672
2024.08.05,22:00,1.09741,1.09757,1.09694,1.09742,881
2024.08.05,23:00,1.09742,1.09806,1.09725,1.0979,811
2024.08.06,00:00,1.0979,1.09793,1.09776,1.09783,741
2024.08.06,01:00,1.09783,1.0979,1.09727,1.09752,317
2024.08.06,02:00,1.09752,1.0976,1.09738,1.09757,458
2024.08.06,03:00,1.09757,1.0978,1.09718,1.09764,878
2024.08.06,04:00,1.09764,1.09828,1.09733,1.09805,654
2024.08.06,05:00,1.09805,1.09848,1.09799,1.0983,352
2024.08.06,06:00,1.0983,1.09853,1.0982,1.0984,394
2024.08.06,07:00,1.0984,1.09908,1.09801,1.09884,798
2024.08.06,08:00,1.09884,1.09888,1.09827,1.09849,260
2024.08.06,09:00,1.09849,1.09863,1.09824,1.09829,200
2024.08.06,10:00,1.09829,1.09861,1.09787,1.09802,788
2024.08.06,11:00,1.09802,1.09802,1.09743,1.0979,359
2024.08.06,12:00,1.0979,1.09794,1.09742,1.09749,788
2024.08.06,13:00,1.09749,1.09774,1.0974,1.09768,580
2024.08.06,14:00,1.09768,1.09768,1.09759,1.09761,998
2024.08.06,15:00,1.09761,1.0979,1.09697,1.09717,572
2024.08.06,16:00,1.09717,1.09742,1.09675,1.09686,880
2024.08.06,17:00,1.09686,1.09696,1.09674,1.09696,865
2024.08.06,18:00,1.09696,1.09742,1.09675,1.09721,290
2024.08.06,19:00,1.09721,1.09825,1.09713,1.09781,996
2024.08.06,20:00,1.09781,1.09875,1.0974,1.09868,771
2024.08.06,21:00,1.09868,1.09905,1.09844,1.09881,196
2024.08.06,22:00,1.09881,1.09884,1.09821,1.09851,105
2024.08.06,23:00,1.09851,1.09862,1.09779,1.09787,344
2024.08.07,00:00,1.09787,1.09809,1.09772,1.09795,114
2024.08.07,01:00,1.09795,1.09797,1.09767,1.09771,421
2024.08.07,02:00,1.09771,1.09803,1.09758,1.09758,996
2024.08.07,03:00,1.09758,1.09805,1.09725,1.0974,531
2024.08.07,04:00,1.0974,1.09759,1.09708,1.09736,121
2024.08.07,05:00,1.09736,1.09787,1.09719,1.09768,544
2024.08.07,06:00,1.09768,1.09781,1.09762,1.09772,297
2024.08.07,07:00,1.09772,1.098,1.09766,1.09768,870
2024.08.07,08:00,1.09768,1.09796,1.09725,1.09737,181
2024.08.07,09:00,1.09737,1.0974,1.09662,1.09686,793
2024.08.07,10:00,1.09686,1.09701,1.09665,1.09672,501
2024.08.07,11:00,1.09672,1.09679,1.09648,1.0967,116
2024.08.07,12:00,1.0967,1.09732,1.0966,1.09723,705
2024.08.07,13:00,1.09723,1.09733,1.0972,1.09727,509
2024.08.07,14:00,1.09727,1.09761,1.09725,1.09757,794
2024.08.07,15:00,1.09757,1.09788,1.09725,1.09742,656
2024.08.07,16:00,1.09742,1.09763,1.09705,1.09706,808
2024.08.07,17:00,1.09706,1.09707,1.09652,1.09677,514
2024.08.07,18:00,1.09677,1.097,1.09653,1.09655,107
2024.08.07,19:00,1.09655,1.09744,1.09637,1.09719,217
2024.08.07,20:00,1.09719,1.09748,1.09685,1.09694,513
2024.08.07,21:00,1.09694,1.09726,1.0969,1.0972,457
2024.08.07,22:00,1.0972,1.09747,1.09685,1.09693,814
2024.08.07,23:00,1.09693,1.09731,1.09683,1.0972,470
2024.08.08,00:00,1.0972,1.09736,1.0971,1.09732,874
2024.08.08,01:00,1.09732,1.09736,1.0971,1.09727,268
2024.08.08,02:00,1.09727,1.09735,1.09698,1.09726,446
2024.08.08,03:00,1.09726,1.09732,1.09687,1.09706,780
2024.08.08,04:00,1.09706,1.09725,1.09688,1.0972,211
2024.08.08,05:00,1.0972,1.09721,1.09688,1.09706,389
2024.08.08,06:00,1.09706,1.09708,1.09668,1.09669,776
2024.08.08,07:00,1.09669,1.09683,1.09622,1.09631,630
2024.08.08,08:00,1.09631,1.09647,1.09608,1.09636,800
2024.08.08,09:00,1.09636,1.09742,1.09627,1.09684,564
2024.08.08,10:00,1.09684,1.09724,1.09674,1.09688,873
2024.08.08,11:00,1.09688,1.09695,1.09671,1.09685,889
2024.08.08,12:00,1.09685,1.09709,1.09679,1.09693,977
2024.08.08,13:00,1.09693,1.09744,1.0967,1.09733,209
2024.08.08,14:00,1.09733,1.0974,1.09729,1.09739,632
2024.08.08,15:00,1.09739,1.09754,1.09677,1.09727,202
2024.08.08,16:00,1.09727,1.09784,1.09723,1.0976,306
2024.08.08,17:00,1.0976,1.09777,1.09754,1.09773,370
2024.08.08,18:00,1.09773,1.09842,1.09773,1.09819,681
2024.08.08,19:00,1.09819,1.09871,1.09814,1.09825,488
2024.08.08,20:00,1.09825,1.09856,1.09779,1.09788,878
2024.08.08,21:00,1.09788,1.09795,1.09705,1.09747,368
2024.08.08,22:00,1.09747,1.09818,1.0973,1.09796,655
2024.08.08,23:00,1.09796,1.09872,1.09779,1.09848,786
2024.08.09,00:00,1.09848,1.09865,1.09838,1.09843,982
2024.08.09,01:00,1.09843,1.09846,1.098,1.09831,320
2024.08.09,02:00,1.09831,1.09875,1.09816,1.09875,760
2024.08.09,03:00,1.09875,1.09881,1.09816,1.09842,176
2024.08.09,04:00,1.09842,1.09863,1.09798,1.09815,589
2024.08.09,05:00,1.09815,1.09869,1.09815,1.09834,472
2024.08.09,06:00,1.09834,1.09854,1.09788,1.09822,962
2024.08.09,07:00,1.09822,1.09823,1.09797,1.09822,796
2024.08.09,08:00,1.09822,1.09826,1.09796,1.09817,934
2024.08.09,09:00,1.09817,1.09857,1.09808,1.09827,865
2024.08.09,10:00,1.09827,1.0988,1.09805,1.0987,469
2024.08.09,11:00,1.0987,1.09921,1.09865,1.09872,760
2024.08.09,12:00,1.09872,1.09905,1.09862,1.09892,127
2024.08.09,13:00,1.09892,1.09922,1.09821,1.0983,602
2024.08.09,14:00,1.0983,1.09831,1.09814,1.09829,142
2024.08.09,15:00,1.09829,1.09831,1.0978,1.09803,751
2024.08.09,16:00,1.09803,1.09827,1.09749,1.09767,970
2024.08.09,17:00,1.09767,1.0977,1.09737,1.09741,713
2024.08.09,18:00,1.09741,1.09754,1.09711,1.0973,855
2024.08.09,19:00,1.0973,1.09768,1.09706,1.09758,310
2024.08.09,20:00,1.09758,1.09783,1.09705,1.09718,994
2024.08.09,21:00,1.09718,1.0973,1.09699,1.09719,595
2024.08.09,22:00,1.09719,1.09727,1.09689,1.09705,707
2024.08.09,23:00,1.09705,1.09709,1.09658,1.09695,793
2024.08.10,00:00,1.09695,1.09756,1.09672,1.09725,675
2024.08.10,01:00,1.09725,1.09749,1.09698,1.09741,385
2024.08.10,02:00,1.09741,1.09816,1.09728,1.09781,650
2024.08.10,03:00,1.09781,1.09796,1.09736,1.09776,688
2024.08.10,04:00,1.09776,1.09779,1.09744,1.09756,871
2024.08.10,05:00,1.09756,1.09803,1.09729,1.09749,533
2024.08.10,06:00,1.09749,1.09778,1.09738,1.09756,551
2024.08.10,07:00,1.09756,1.09763,1.09741,1.09761,552
2024.08.10,08:00,1.09761,1.09797,1.09708,1.09729,202
2024.08.10,09:00,1.09729,1.09755,1.09727,1.09732,181
2024.08.10,10:00,1.09732,1.09752,1.09731,1.09738,118
2024.08.10,11:00,1.09738,1.09818,1.09723,1.09814,699
2024.08.10,12:00,1.09814,1.0987,1.09811,1.0987,476
2024.08.10,13:00,1.0987,1.09876,1.09819,1.09845,879
2024.08.10,14:00,1.09845,1.09859,1.0982,1.09836,732
2024.08.10,15:00,1.09836,1.09838,1.09787,1.09792,227
2024.08.10,16:00,1.09792,1.09824,1.0975,1.09774,190
2024.08.10,17:00,1.09774,1.09787,1.09742,1.09784,429
2024.08.10,18:00,1.09784,1.09829,1.09768,1.0982,928
2024.08.10,19:00,1.0982,1.09825,1.09792,1.09798,143
2024.08.10,20:00,1.09798,1.09831,1.09764,1.09779,268
2024.08.10,21:00,1.09779,1.09798,1.09701,1.09714,126
2024.08.10,22:00,1.09714,1.09721,1.09706,1.09709,472
2024.08.10,23:00,1.09709,1.09724,1.09661,1.09677,990
2024.08.11,00:00,1.09677,1.09683,1.09637,1.09662,715
2024.08.11,01:00,1.09662,1.09692,1.09629,1.09635,544
2024.08.11,02:00,1.09635,1.09656,1.09629,1.09632,229
2024.08.11,03:00,1.09632,1.09643,1.09566,1.0958,419
2024.08.11,04:00,1.0958,1.09604,1.09525,1.09536,572
2024.08.11,05:00,1.09536,1.09612,1.09531,1.096,347
2024.08.11,06:00,1.096,1.09612,1.0955,1.09561,734
2024.08.11,07:00,1.09561,1.09572,1.09527,1.09528,982
2024.08.11,08:00,1.09528,1.09588,1.0952,1.09583,285
2024.08.11,09:00,1.09583,1.09673,1.09569,1.0967,327
2024.08.11,10:00,1.0967,1.09688,1.09628,1.09635,213
2024.08.11,11:00,1.09635,1.09646,1.09611,1.09624,753
2024.08.11,12:00,1.09624,1.09666,1.09611,1.09634,515
2024.08.11,13:00,1.09634,1.09714,1.09633,1.09686,355
2024.08.11,14:00,1.09686,1.09697,1.09644,1.09657,297
2024.08.11,15:00,1.09657,1.09682,1.09639,1.09649,163
2024.08.11,16:00,1.09649,1.09681,1.09627,1.09673,528
2024.08.11,17:00,1.09673,1.09695,1.09647,1.09686,714
2024.08.11,18:00,1.09686,1.09733,1.09653,1.09674,311
2024.08.11,19:00,1.09674,1.09709,1.0966,1.0967,101
2024.08.11,20:00,1.0967,1.09674,1.0959,1.09629,525
2024.08.11,21:00,1.09629,1.09652,1.09618,1.09622,708
2024.08.11,22:00,1.09622,1.09632,1.09553,1.09614,410
2024.08.11,23:00,1.09614,1.09624,1.09609,1.09621,325
2024.08.12,00:00,1.09621,1.09667,1.09599,1.09604,238
2024.08.12,01:00,1.09604,1.09623,1.09596,1.09618,771
2024.08.12,02:00,1.09618,1.09687,1.09611,1.09649,875
2024.08.12,03:00,1.09649,1.09662,1.09632,1.09653,792
2024.08.12,04:00,1.09653,1.09669,1.09651,1.09664,566
2024.08.12,05:00,1.09664,1.09686,1.09628,1.09666,751
2024.08.12,06:00,1.09666,1.09669,1.09661,1.09666,457
2024.08.12,07:00,1.09666,1.09677,1.09638,1.09644,122
2024.08.12,08:00,1.09644,1.09699,1.09626,1.09653,430
2024.08.12,09:00,1.09653,1.09666,1.09642,1.0965,733
2024.08.12,10:00,1.0965,1.09716,1.09648,1.09713,682
2024.08.12,11:00,1.09713,1.09781,1.09701,1.0976,991
2024.08.12,12:00,1.0976,1.09775,1.09745,1.09772,997
2024.08.12,13:00,1.09772,1.09784,1.09696,1.09749,318
2024.08.12,14:00,1.09749,1.0976,1.09711,1.09716,108
2024.08.12,15:00,1.09716,1.09764,1.09687,1.09752,346
2024.08.12,16:00,1.09752,1.09786,1.09738,1.09759,888
2024.08.12,17:00,1.09759,1.09795,1.09758,1.09774,832
2024.08.12,18:00,1.09774,1.09802,1.09711,1.09721,188
2024.08.12,19:00,1.09721,1.09763,1.0971,1.09749,244
2024.08.12,20:00,1.09749,1.09801,1.09736,1.09763,607
2024.08.12,21:00,1.09763,1.09785,1.09717,1.0973,694
2024.08.12,22:00,1.0973,1.09732,1.09709,1.09715,984
2024.08.12,23:00,1.09715,1.09742,1.09698,1.09723,779
2024.08.13,00:00,1.09723,1.09736,1.09711,1.09725,290
2024.08.13,01:00,1.09725,1.09726,1.09698,1.09716,133
2024.08.13,02:00,1.09716,1.09717,1.09689,1.09713,670
2024.08.13,03:00,1.09713,1.09715,1.09684,1.09706,598
2024.08.13,04:00,1.09706,1.09711,1.09692,1.0971,929
2024.08.13,05:00,1.0971,1.09759,1.09691,1.09754,618
2024.08.13,06:00,1.09754,1.09783,1.09676,1.09677,551
2024.08.13,07:00,1.09677,1.09688,1.09655,1.0967,373
2024.08.13,08:00,1.0967,1.09694,1.09635,1.09675,177
2024.08.13,09:00,1.09675,1.09712,1.09658,1.09684,888
2024.08.13,10:00,1.09684,1.09688,1.0967,1.09673,843
2024.08.13,11:00,1.09673,1.0969,1.09608,1.0962,246
2024.08.13,12:00,1.0962,1.09633,1.09613,1.0963,733
2024.08.13,13:00,1.0963,1.0969,1.09611,1.09682,427
2024.08.13,14:00,1.09682,1.09712,1.09606,1.09636,493
2024.08.13,15:00,1.09636,1.09672,1.09622,1.09662,863
2024.08.13,16:00,1.09662,1.09688,1.09641,1.09652,857
2024.08.13,17:00,1.09652,1.09666,1.09637,1.0965,271
2024.08.13,18:00,1.0965,1.09666,1.09591,1.09619,376
2024.08.13,19:00,1.09619,1.0963,1.09589,1.09609,839
2024.08.13,20:00,1.09609,1.09654,1.09594,1.09648,925
2024.08.13,21:00,1.09648,1.09675,1.09641,1.09665,171
2024.08.13,22:00,1.09665,1.09735,1.09638,1.09717,850
2024.08.13,23:00,1.09717,1.09768,1.09689,1.09752,540
2024.08.14,00:00,1.09752,1.09778,1.09736,1.09766,631
2024.08.14,01:00,1.09766,1.09831,1.09764,1.09818,167
2024.08.14,02:00,1.09818,1.09842,1.09794,1.09831,712
2024.08.14,03:00,1.09831,1.09878,1.09829,1.09856,710
2024.08.14,04:00,1.09856,1.09869,1.09826,1.09847,696
2024.08.14,05:00,1.09847,1.09883,1.09821,1.09849,811
2024.08.14,06:00,1.09849,1.09894,1.09824,1.09828,951
2024.08.14,07:00,1.09828,1.09878,1.09808,1.09858,864
2024.08.14,08:00,1.09858,1.09859,1.09814,1.09822,770
2024.08.14,09:00,1.09822,1.09869,1.09811,1.09846,983
2024.08.14,10:00,1.09846,1.09862,1.09817,1.0984,707
2024.08.14,11:00,1.0984,1.09888,1.09834,1.09875,704
2024.08.14,12:00,1.09875,1.09919,1.09853,1.09898,587
2024.08.14,13:00,1.09898,1.09974,1.09889,1.09953,792
2024.08.14,14:00,1.09953,1.09977,1.09946,1.09974,164
2024.08.14,15:00,1.09974,1.09999,1.09918,1.09927,555
2024.08.14,16:00,1.09927,1.09944,1.09919,1.09925,482
2024.08.14,17:00,1.09925,1.09944,1.0987,1.0989,921
2024.08.14,18:00,1.0989,1.09946,1.09864,1.09875,165
2024.08.14,19:00,1.09875,1.09929,1.09874,1.0992,679
2024.08.14,20:00,1.0992,1.0994,1.09919,1.09939,265
2024.08.14,21:00,1.09939,1.09965,1.09904,1.09918,895
2024.08.14,22:00,1.09918,1.09952,1.09867,1.09888,866
2024.08.14,23:00,1.09888,1.09911,1.09867,1.09889,311
2024.08.15,00:00,1.09889,1.09895,1.09843,1.09852,884
2024.08.15,01:00,1.09852,1.09879,1.09806,1.09832,547
2024.08.15,02:00,1.09832,1.09846,1.09808,1.09841,973
2024.08.15,03:00,1.09841,1.09898,1.09797,1.09876,756
2024.08.15,04:00,1.09876,1.09924,1.09856,1.09894,131
2024.08.15,05:00,1.09894,1.0991,1.09797,1.09826,282
2024.08.15,06:00,1.09826,1.09837,1.09824,1.09835,463
2024.08.15,07:00,1.09835,1.09886,1.09801,1.09837,290
2024.08.15,08:00,1.09837,1.09869,1.098,1.09849,219
2024.08.15,09:00,1.09849,1.09911,1.09844,1.09898,980
2024.08.15,10:00,1.09898,1.09922,1.09824,1.09836,882
2024.08.15,11:00,1.09836,1.09858,1.098,1.09818,491
2024.08.15,12:00,1.09818,1.09868,1.09817,1.09836,293
2024.08.15,13:00,1.09836,1.09842,1.09776,1.09788,263
2024.08.15,14:00,1.09788,1.09853,1.09759,1.09833,924
2024.08.15,15:00,1.09833,1.09877,1.09824,1.09844,398
2024.08.15,16:00,1.09844,1.09869,1.09814,1.09869,111
2024.08.15,17:00,1.09869,1.09875,1.0983,1.09852,457
2024.08.15,18:00,1.09852,1.09882,1.09835,1.09876,508
2024.08.15,19:00,1.09876,1.09945,1.09867,1.09908,660
2024.08.15,20:00,1.09908,1.09922,1.09898,1.09915,404
2024.08.15,21:00,1.09915,1.09929,1.09893,1.09922,930
2024.08.15,22:00,1.09922,1.09934,1.09908,1.09931,679
2024.08.15,23:00,1.09931,1.09942,1.09886,1.09905,987
2024.08.16,00:00,1.09905,1.09914,1.09877,1.099,430
2024.08.16,01:00,1.099,1.09901,1.09873,1.09896,686
2024.08.16,02:00,1.09896,1.09916,1.09879,1.09907,428
2024.08.16,03:00,1.09907,1.09943,1.09902,1.09937,729
2024.08.16,04:00,1.09937,1.09945,1.099,1.09905,771
2024.08.16,05:00,1.09905,1.09907,1.09892,1.09902,389
2024.08.16,06:00,1.09902,1.09985,1.09895,1.09946,943
2024.08.16,07:00,1.09946,1.09956,1.09907,1.09924,871
2024.08.16,08:00,1.09924,1.09924,1.09872,1.09899,905
2024.08.16,09:00,1.09899,1.09906,1.09882,1.09905,296
2024.08.16,10:00,1.09905,1.0995,1.09901,1.09931,746
2024.08.16,11:00,1.09931,1.0997,1.09908,1.09931,195
2024.08.16,12:00,1.09931,1.1001,1.0993,1.09971,194
2024.08.16,13:00,1.09971,1.10002,1.09943,1.09996,975
2024.08.16,14:00,1.09996,1.10022,1.09977,1.10022,237
2024.08.16,15:00,1.10022,1.10042,1.10014,1.10038,877
2024.08.16,16:00,1.10038,1.10117,1.10031,1.10108,487
2024.08.16,17:00,1.10108,1.10121,1.10089,1.10102,373
2024.08.16,18:00,1.10102,1.10121,1.10009,1.10042,166
2024.08.16,19:00,1.10042,1.101,1.10024,1.1009,707
2024.08.16,20:00,1.1009,1.10095,1.1007,1.10076,749
2024.08.16,21:00,1.10076,1.10122,1.10074,1.1008,520
2024.08.16,22:00,1.1008,1.10134,1.10058,1.10119,828
2024.08.16,23:00,1.10119,1.10143,1.10064,1.10071,390
2024.08.17,00:00,1.10071,1.10084,1.10001,1.10033,596
2024.08.17,01:00,1.10033,1.10051,1.09975,1.09985,358
2024.08.17,02:00,1.09985,1.09999,1.09953,1.09961,624
2024.08.17,03:00,1.09961,1.09992,1.09906,1.09975,222
2024.08.17,04:00,1.09975,1.10021,1.09974,1.0999,528
2024.08.17,05:00,1.0999,1.10016,1.09984,1.09999,594
2024.08.17,06:00,1.09999,1.10003,1.0994,1.09956,600
2024.08.17,07:00,1.09956,1.09971,1.09865,1.09887,501
2024.08.17,08:00,1.09887,1.0989,1.0988,1.09888,679
2024.08.17,09:00,1.09888,1.09911,1.09871,1.09874,560
2024.08.17,10:00,1.09874,1.09896,1.09867,1.09888,354
2024.08.17,11:00,1.09888,1.09921,1.0985,1.09909,293
2024.08.17,12:00,1.09909,1.09915,1.09887,1.09913,682
2024.08.17,13:00,1.09913,1.09941,1.09894,1.09936,944
2024.08.17,14:00,1.09936,1.09948,1.09894,1.09943,777
2024.08.17,15:00,1.09943,1.09988,1.09928,1.09959,674
2024.08.17,16:00,1.09959,1.09977,1.0993,1.09938,929
2024.08.17,17:00,1.09938,1.0995,1.09898,1.09932,909
2024.08.17,18:00,1.09932,1.09938,1.09917,1.09938,555
2024.08.17,19:00,1.09938,1.0998,1.09927,1.09963,198
2024.08.17,20:00,1.09963,1.09993,1.09925,1.09951,670
2024.08.17,21:00,1.09951,1.09993,1.09936,1.09967,660
2024.08.17,22:00,1.09967,1.10007,1.09939,1.09959,349
2024.08.17,23:00,1.09959,1.09959,1.09928,1.09955,864
2024.08.18,00:00,1.09955,1.10002,1.09934,1.0998,882
2024.08.18,01:00,1.0998,1.09988,1.09912,1.0992,397
2024.08.18,02:00,1.0992,1.09934,1.09861,1.09881,529
2024.08.18,03:00,1.09881,1.09894,1.09833,1.09837,275
2024.08.18,04:00,1.09837,1.09842,1.09761,1.09767,260
2024.08.18,05:00,1.09767,1.09773,1.09737,1.09747,338
2024.08.18,06:00,1.09747,1.09783,1.09736,1.09769,429
2024.08.18,07:00,1.09769,1.09779,1.09749,1.09761,345
2024.08.18,08:00,1.09761,1.0978,1.09748,1.09766,236
2024.08.18,09:00,1.09766,1.09803,1.09758,1.09799,502
2024.08.18,10:00,1.09799,1.0986,1.09798,1.09839,661
2024.08.18,11:00,1.09839,1.09847,1.09828,1.09837,393
2024.08.18,12:00,1.09837,1.09905,1.09834,1.09878,580
2024.08.18,13:00,1.09878,1.09893,1.09866,1.0988,344
2024.08.18,14:00,1.0988,1.09902,1.09814,1.09855,733
2024.08.18,15:00,1.09855,1.09883,1.09819,1.09837,683
2024.08.18,16:00,1.09837,1.09858,1.09773,1.09793,964
2024.08.18,17:00,1.09793,1.09799,1.09704,1.09766,147
2024.08.18,18:00,1.09766,1.09769,1.09745,1.09756,867
2024.08.18,19:00,1.09756,1.09784,1.09746,1.0978,406
2024.08.18,20:00,1.0978,1.09845,1.09766,1.09831,159
2024.08.18,21:00,1.09831,1.09839,1.0977,1.0979,720
2024.08.18,22:00,1.0979,1.09806,1.09781,1.09802,254
2024.08.18,23:00,1.09802,1.09819,1.0976,1.0977,258
2024.08.19,00:00,1.0977,1.09796,1.09757,1.09785,981
2024.08.19,01:00,1.09785,1.09797,1.09777,1.09781,298
2024.08.19,02:00,1.09781,1.09805,1.09723,1.09726,592
2024.08.19,03:00,1.09726,1.09775,1.09704,1.09754,280
2024.08.19,04:00,1.09754,1.0979,1.09718,1.09735,211
2024.08.19,05:00,1.09735,1.0975,1.09716,1.09719,100
2024.08.19,06:00,1.09719,1.09756,1.09674,1.09687,114
2024.08.19,07:00,1.09687,1.09716,1.09645,1.09668,526
2024.08.19,08:00,1.09668,1.09713,1.09652,1.09681,490
2024.08.19,09:00,1.09681,1.09695,1.09643,1.09675,135
2024.08.19,10:00,1.09675,1.09713,1.09669,1.09685,414
2024.08.19,11:00,1.09685,1.09705,1.09681,1.09696,345
2024.08.19,12:00,1.09696,1.09737,1.0968,1.09735,614
2024.08.19,13:00,1.09735,1.09775,1.09707,1.09725,995
2024.08.19,14:00,1.09725,1.0973,1.09675,1.09681,722
2024.08.19,15:00,1.09681,1.09734,1.09669,1.09713,926
2024.08.19,16:00,1.09713,1.09717,1.09701,1.09703,273
2024.08.19,17:00,1.09703,1.09767,1.09689,1.09736,293
2024.08.19,18:00,1.09736,1.09758,1.09731,1.09748,775
2024.08.19,19:00,1.09748,1.09768,1.09743,1.09744,379
2024.08.19,20:00,1.09744,1.0977,1.09743,1.09754,863
2024.08.19,21:00,1.09754,1.09835,1.09716,1.09813,517
2024.08.19,22:00,1.09813,1.09918,1.09805,1.09875,280
2024.08.19,23:00,1.09875,1.09882,1.09874,1.09877,859
2024.08.20,00:00,1.09877,1.09893,1.09871,1.09882,595
2024.08.20,01:00,1.09882,1.09945,1.09877,1.09914,822
2024.08.20,02:00,1.09914,1.09923,1.09879,1.09889,507
2024.08.20,03:00,1.09889,1.09908,1.09867,1.09899,213
2024.08.20,04:00,1.09899,1.0992,1.09865,1.09898,712
2024.08.20,05:00,1.09898,1.09919,1.09891,1.09907,212
2024.08.20,06:00,1.09907,1.09929,1.09867,1.09882,696
2024.08.20,07:00,1.09882,1.09894,1.09801,1.09835,475
2024.08.20,08:00,1.09835,1.09837,1.09757,1.09773,812
2024.08.20,09:00,1.09773,1.09785,1.0971,1.09739,883
2024.08.20,10:00,1.09739,1.09762,1.09721,1.09725,466
2024.08.20,11:00,1.09725,1.09726,1.09711,1.09716,893
2024.08.20,12:00,1.09716,1.09778,1.09713,1.09775,199
2024.08.20,13:00,1.09775,1.09817,1.09764,1.09808,196
2024.08.20,14:00,1.09808,1.09816,1.09761,1.09779,994
2024.08.20,15:00,1.09779,1.09805,1.09778,1.09789,616
2024.08.20,16:00,1.09789,1.098,1.09769,1.09777,505
2024.08.20,17:00,1.09777,1.09788,1.09752,1.09769,240
2024.08.20,18:00,1.09769,1.09832,1.09752,1.09774,360
2024.08.20,19:00,1.09774,1.09817,1.09767,1.09793,717
2024.08.20,20:00,1.09793,1.09854,1.09728,1.09783,839
2024.08.20,21:00,1.09783,1.09827,1.0977,1.09814,924
2024.08.20,22:00,1.09814,1.09835,1.0977,1.0978,466
2024.08.20,23:00,1.0978,1.09787,1.0976,1.0978,509
2024.08.21,00:00,1.0978,1.09888,1.09777,1.09858,246
2024.08.21,01:00,1.09858,1.09887,1.09857,1.09865,174
2024.08.21,02:00,1.09865,1.09929,1.0982,1.09908,494
2024.08.21,03:00,1.09908,1.09949,1.09904,1.09911,621
2024.08.21,04:00,1.09911,1.09951,1.09892,1.09928,193
2024.08.21,05:00,1.09928,1.09929,1.09917,1.09926,467
2024.08.21,06:00,1.09926,1.0995,1.09896,1.09921,677
2024.08.21,07:00,1.09921,1.09933,1.09897,1.09898,829
2024.08.21,08:00,1.09898,1.09931,1.09892,1.09911,944
2024.08.21,09:00,1.09911,1.09928,1.09879,1.09885,406
2024.08.21,10:00,1.09885,1.0992,1.09883,1.09905,452
2024.08.21,11:00,1.09905,1.09972,1.099,1.09938,887
2024.08.21,12:00,1.09938,1.09957,1.09907,1.09949,723
2024.08.21,13:00,1.09949,1.09966,1.09911,1.0994,346
2024.08.21,14:00,1.0994,1.0998,1.09929,1.09954,716
2024.08.21,15:00,1.09954,1.09981,1.09944,1.09945,241
2024.08.21,16:00,1.09945,1.10005,1.09932,1.09973,504
2024.08.21,17:00,1.09973,1.09973,1.09905,1.09918,375
2024.08.21,18:00,1.09918,1.09941,1.09902,1.09908,993
2024.08.21,19:00,1.09908,1.09921,1.09829,1.09848,131
2024.08.21,20:00,1.09848,1.09864,1.09798,1.09803,871
2024.08.21,21:00,1.09803,1.0987,1.09799,1.09844,353
2024.08.21,22:00,1.09844,1.09873,1.09838,1.09871,132
2024.08.21,23:00,1.09871,1.09895,1.09812,1.09849,694
2024.08.22,00:00,1.09849,1.09893,1.09791,1.09804,710
2024.08.22,01:00,1.09804,1.09812,1.09714,1.09715,228
2024.08.22,02:00,1.09715,1.09751,1.0969,1.09699,134
2024.08.22,03:00,1.09699,1.09787,1.09699,1.09772,200
2024.08.22,04:00,1.09772,1.09803,1.09762,1.09785,467
2024.08.22,05:00,1.09785,1.09802,1.09737,1.09768,219
2024.08.22,06:00,1.09768,1.09822,1.09758,1.09782,732
2024.08.22,07:00,1.09782,1.09783,1.09714,1.09735,169
2024.08.22,08:00,1.09735,1.0974,1.09692,1.09726,810
2024.08.22,09:00,1.09726,1.09765,1.0971,1.09729,887
2024.08.22,10:00,1.09729,1.09742,1.09706,1.09726,745
2024.08.22,11:00,1.09726,1.09754,1.09715,1.0975,949
2024.08.22,12:00,1.0975,1.09781,1.09738,1.09761,945
2024.08.22,13:00,1.09761,1.09799,1.09742,1.09781,141
2024.08.22,14:00,1.09781,1.09805,1.09755,1.0976,407
2024.08.22,15:00,1.0976,1.09793,1.09723,1.09787,784
2024.08.22,16:00,1.09787,1.09847,1.09777,1.09836,405
2024.08.22,17:00,1.09836,1.09839,1.09799,1.09807,763
2024.08.22,18:00,1.09807,1.09819,1.09763,1.0978,796
2024.08.22,19:00,1.0978,1.09825,1.09766,1.0982,997
2024.08.22,20:00,1.0982,1.09825,1.09793,1.09814,396
2024.08.22,21:00,1.09814,1.09871,1.09784,1.09856,413
2024.08.22,22:00,1.09856,1.09866,1.09818,1.09843,121
2024.08.22,23:00,1.09843,1.09892,1.09829,1.09887,356
2024.08.23,00:00,1.09887,1.09893,1.09853,1.09891,352
2024.08.23,01:00,1.09891,1.09907,1.09881,1.09898,507
2024.08.23,02:00,1.09898,1.09961,1.09898,1.09945,479
2024.08.23,03:00,1.09945,1.0995,1.09891,1.09935,870
2024.08.23,04:00,1.09935,1.09941,1.09866,1.09906,796
2024.08.23,05:00,1.09906,1.09908,1.0989,1.09893,755
2024.08.23,06:00,1.09893,1.0994,1.09886,1.09906,104
2024.08.23,07:00,1.09906,1.09933,1.09837,1.09859,524
2024.08.23,08:00,1.09859,1.09894,1.09858,1.09879,756
2024.08.23,09:00,1.09879,1.09916,1.0986,1.09862,320
2024.08.23,10:00,1.09862,1.09901,1.09844,1.09897,482
2024.08.23,11:00,1.09897,1.09928,1.09822,1.09825,754
2024.08.23,12:00,1.09825,1.09835,1.09777,1.09801,815
2024.08.23,13:00,1.09801,1.09805,1.09751,1.09751,869
2024.08.23,14:00,1.09751,1.09762,1.09724,1.09726,486
2024.08.23,15:00,1.09726,1.09734,1.09705,1.09734,459
2024.08.23,16:00,1.09734,1.09739,1.09709,1.09728,444
2024.08.23,17:00,1.09728,1.09744,1.09664,1.09721,701
2024.08.23,18:00,1.09721,1.09726,1.09708,1.09716,477
2024.08.23,19:00,1.09716,1.09726,1.09708,1.09722,460
2024.08.23,20:00,1.09722,1.09737,1.09681,1.09692,251
2024.08.23,21:00,1.09692,1.09729,1.09654,1.09713,530
2024.08.23,22:00,1.09713,1.0976,1.09697,1.09733,313
2024.08.23,23:00,1.09733,1.09752,1.09701,1.09744,572
2024.08.24,00:00,1.09744,1.09772,1.09716,1.09761,899
2024.08.24,01:00,1.09761,1.09774,1.09754,1.0977,798
2024.08.24,02:00,1.0977,1.0985,1.09768,1.09831,530
2024.08.24,03:00,1.09831,1.09833,1.09803,1.09828,979
2024.08.24,04:00,1.09828,1.09836,1.09809,1.09819,982
2024.08.24,05:00,1.09819,1.09825,1.09783,1.09796,499
2024.08.24,06:00,1.09796,1.09798,1.09763,1.09765,787
2024.08.24,07:00,1.09765,1.09776,1.09722,1.09728,408
2024.08.24,08:00,1.09728,1.09772,1.09663,1.09701,890
2024.08.24,09:00,1.09701,1.09711,1.0966,1.09699,436
2024.08.24,10:00,1.09699,1.09723,1.09698,1.09709,332
2024.08.24,11:00,1.09709,1.0972,1.09708,1.09711,220
2024.08.24,12:00,1.09711,1.09716,1.0968,1.09688,858
2024.08.24,13:00,1.09688,1.09743,1.09666,1.09715,367
2024.08.24,14:00,1.09715,1.0976,1.09708,1.09737,831
2024.08.24,15:00,1.09737,1.09739,1.09724,1.09732,177
2024.08.24,16:00,1.09732,1.09755,1.09693,1.09713,550
2024.08.24,17:00,1.09713,1.09753,1.09702,1.09729,485
2024.08.24,18:00,1.09729,1.09747,1.09728,1.09735,494
2024.08.24,19:00,1.09735,1.0976,1.0966,1.09691,250
2024.08.24,20:00,1.09691,1.09727,1.09675,1.09689,166
2024.08.24,21:00,1.09689,1.0971,1.09651,1.09697,411
2024.08.24,22:00,1.09697,1.09697,1.09656,1.0967,523
2024.08.24,23:00,1.0967,1.09708,1.09641,1.09676,814
2024.08.25,00:00,1.09676,1.09679,1.09615,1.09632,516
2024.08.25,01:00,1.09632,1.09673,1.09628,1.09672,321
2024.08.25,02:00,1.09672,1.09723,1.09654,1.0971,336
2024.08.25,03:00,1.0971,1.09721,1.09698,1.09702,650
2024.08.25,04:00,1.09702,1.09723,1.09687,1.09713,492
2024.08.25,05:00,1.09713,1.09713,1.09639,1.09641,911
2024.08.25,06:00,1.09641,1.09657,1.09578,1.09606,495
2024.08.25,07:00,1.09606,1.09609,1.09571,1.09597,610
2024.08.25,08:00,1.09597,1.09599,1.09538,1.09565,157
2024.08.25,09:00,1.09565,1.09613,1.09555,1.09587,274
2024.08.25,10:00,1.09587,1.09676,1.09545,1.09647,865
2024.08.25,11:00,1.09647,1.09658,1.09584,1.09611,410
2024.08.25,12:00,1.09611,1.09663,1.09548,1.09586,478
2024.08.25,13:00,1.09586,1.09597,1.09558,1.09593,631
2024.08.25,14:00,1.09593,1.09651,1.09574,1.09642,152
2024.08.25,15:00,1.09642,1.09668,1.09574,1.09605,555
2024.08.25,16:00,1.09605,1.09622,1.09599,1.09612,411
2024.08.25,17:00,1.09612,1.0968,1.0959,1.09667,233
2024.08.25,18:00,1.09667,1.09675,1.09606,1.09617,476
2024.08.25,19:00,1.09617,1.0962,1.09553,1.09579,502
2024.08.25,20:00,1.09579,1.09594,1.09554,1.09566,267
2024.08.25,21:00,1.09566,1.09576,1.09508,1.09551,588
2024.08.25,22:00,1.09551,1.09595,1.09546,1.09575,771
2024.08.25,23:00,1.09575,1.09602,1.09552,1.09582,340
2024.08.26,00:00,1.09582,1.09588,1.09529,1.09529,969
2024.08.26,01:00,1.09529,1.09563,1.09519,1.09544,651
2024.08.26,02:00,1.09544,1.09558,1.09509,1.09527,795
2024.08.26,03:00,1.09527,1.09604,1.09508,1.09565,163
2024.08.26,04:00,1.09565,1.09581,1.0952,1.09547,790
2024.08.26,05:00,1.09547,1.09574,1.0951,1.09527,402
2024.08.26,06:00,1.09527,1.09564,1.09506,1.09544,739
2024.08.26,07:00,1.09544,1.0958,1.09529,1.09567,823
2024.08.26,08:00,1.09567,1.0959,1.09561,1.0958,325
2024.08.26,09:00,1.0958,1.09582,1.09528,1.09529,333
2024.08.26,10:00,1.09529,1.09568,1.09525,1.09546,153
2024.08.26,11:00,1.09546,1.09561,1.0949,1.09515,644
2024.08.26,12:00,1.09515,1.09546,1.09495,1.09522,796
2024.08.26,13:00,1.09522,1.09545,1.09473,1.09479,469
2024.08.26,14:00,1.09479,1.09549,1.09474,1.09492,244
2024.08.26,15:00,1.09492,1.095,1.09439,1.09468,384
2024.08.26,16:00,1.09468,1.0948,1.09429,1.0943,462
2024.08.26,17:00,1.0943,1.09461,1.0941,1.09451,924
2024.08.26,18:00,1.09451,1.09495,1.09429,1.09458,211
2024.08.26,19:00,1.09458,1.0947,1.09435,1.0944,408
2024.08.26,20:00,1.0944,1.09505,1.09428,1.09483,674
2024.08.26,21:00,1.09483,1.09512,1.09465,1.0947,313
2024.08.26,22:00,1.0947,1.09506,1.09444,1.09471,896
2024.08.26,23:00,1.09471,1.09485,1.09458,1.09479,918
2024.08.27,00:00,1.09479,1.09487,1.09437,1.09461,442
2024.08.27,01:00,1.09461,1.09481,1.09457,1.09475,771
2024.08.27,02:00,1.09475,1.09478,1.09426,1.09459,780
2024.08.27,03:00,1.09459,1.09478,1.09443,1.09446,713
2024.08.27,04:00,1.09446,1.09488,1.09437,1.09487,267
2024.08.27,05:00,1.09487,1.09498,1.09445,1.09456,144
2024.08.27,06:00,1.09456,1.0946,1.09363,1.09384,412
2024.08.27,07:00,1.09384,1.09439,1.09373,1.09432,218
2024.08.27,08:00,1.09432,1.09537,1.09404,1.09509,363
2024.08.27,09:00,1.09509,1.09548,1.09484,1.09496,674
2024.08.27,10:00,1.09496,1.09502,1.09417,1.09438,629
2024.08.27,11:00,1.09438,1.09439,1.09422,1.09429,288
2024.08.27,12:00,1.09429,1.09455,1.09414,1.0942,115
2024.08.27,13:00,1.0942,1.09421,1.09406,1.09415,303
2024.08.27,14:00,1.09415,1.09416,1.0938,1.09381,509
2024.08.27,15:00,1.09381,1.09442,1.09381,1.09399,801
2024.08.27,16:00,1.09399,1.09433,1.09385,1.09414,428
2024.08.27,17:00,1.09414,1.09423,1.09355,1.0937,357
2024.08.27,18:00,1.0937,1.09398,1.09369,1.09391,596
2024.08.27,19:00,1.09391,1.09475,1.09384,1.09452,164
2024.08.27,20:00,1.09452,1.0946,1.0942,1.09457,302
2024.08.27,21:00,1.09457,1.09478,1.09429,1.09447,132
2024.08.27,22:00,1.09447,1.09463,1.09412,1.09443,573
2024.08.27,23:00,1.09443,1.09463,1.09435,1.09461,498
2024.08.28,00:00,1.09461,1.09471,1.09383,1.09409,624
2024.08.28,01:00,1.09409,1.09427,1.09379,1.09414,655
2024.08.28,02:00,1.09414,1.09424,1.094,1.09403,455
2024.08.28,03:00,1.09403,1.09462,1.09371,1.09458,881
2024.08.28,04:00,1.09458,1.09471,1.09449,1.09453,926
2024.08.28,05:00,1.09453,1.09506,1.09427,1.09503,199
2024.08.28,06:00,1.09503,1.09519,1.09463,1.0947,928
2024.08.28,07:00,1.0947,1.09489,1.0946,1.09487,277
2024.08.28,08:00,1.09487,1.09513,1.09461,1.09497,323
2024.08.28,09:00,1.09497,1.09514,1.09452,1.09471,576
2024.08.28,10:00,1.09471,1.09492,1.09464,1.09476,126
2024.08.28,11:00,1.09476,1.09549,1.09459,1.09513,427
2024.08.28,12:00,1.09513,1.09543,1.09487,1.09503,275
2024.08.28,13:00,1.09503,1.09508,1.09449,1.09452,534
2024.08.28,14:00,1.09452,1.09486,1.09445,1.09452,833
2024.08.28,15:00,1.09452,1.09466,1.09421,1.09425,931
2024.08.28,16:00,1.09425,1.0944,1.09406,1.09414,290
2024.08.28,17:00,1.09414,1.0942,1.09406,1.09412,590
2024.08.28,18:00,1.09412,1.09422,1.09348,1.09361,526
2024.08.28,19:00,1.09361,1.09389,1.0928,1.09312,473
2024.08.28,20:00,1.09312,1.09348,1.09291,1.09327,669
2024.08.28,21:00,1.09327,1.09343,1.09296,1.09311,990
2024.08.28,22:00,1.09311,1.09315,1.09223,1.09234,464
2024.08.28,23:00,1.09234,1.09265,1.09219,1.09258,158
2024.08.29,00:00,1.09258,1.09276,1.09234,1.09266,924
2024.08.29,01:00,1.09266,1.09284,1.09224,1.09244,938
2024.08.29,02:00,1.09244,1.09248,1.09171,1.09205,390
2024.08.29,03:00,1.09205,1.0924,1.09186,1.0923,551
2024.08.29,04:00,1.0923,1.09246,1.09225,1.0924,876
2024.08.29,05:00,1.0924,1.09313,1.09236,1.09312,553
2024.08.29,06:00,1.09312,1.09327,1.09304,1.09324,533
2024.08.29,07:00,1.09324,1.0934,1.09313,1.09336,929
2024.08.29,08:00,1.09336,1.09352,1.09315,1.09331,845
2024.08.29,09:00,1.09331,1.09367,1.09317,1.09356,556
2024.08.29,10:00,1.09356,1.09375,1.09353,1.09374,245
2024.08.29,11:00,1.09374,1.09428,1.09349,1.09412,494
2024.08.29,12:00,1.09412,1.09413,1.09393,1.09396,708
2024.08.29,13:00,1.09396,1.09397,1.09356,1.09383,345
2024.08.29,14:00,1.09383,1.09387,1.09335,1.09369,583
2024.08.29,15:00,1.09369,1.09437,1.09354,1.09393,692
2024.08.29,16:00,1.09393,1.09448,1.09369,1.09437,176
2024.08.29,17:00,1.09437,1.09446,1.09414,1.09424,612
2024.08.29,18:00,1.09424,1.09445,1.09394,1.09411,763
2024.08.29,19:00,1.09411,1.09422,1.09396,1.0942,292
2024.08.29,20:00,1.0942,1.09467,1.09397,1.09413,593
2024.08.29,21:00,1.09413,1.09449,1.09406,1.09442,738
2024.08.29,22:00,1.09442,1.09448,1.09373,1.09374,139
2024.08.29,23:00,1.09374,1.0939,1.09337,1.09349,679
2024.08.30,00:00,1.09349,1.09356,1.09288,1.09326,333
2024.08.30,01:00,1.09326,1.09331,1.09249,1.09256,457
2024.08.30,02:00,1.09256,1.09273,1.09223,1.09227,683
2024.08.30,03:00,1.09227,1.09234,1.09189,1.092,103
2024.08.30,04:00,1.092,1.09225,1.09167,1.09194,115
2024.08.30,05:00,1.09194,1.09229,1.09181,1.09227,501
2024.08.30,06:00,1.09227,1.09234,1.09179,1.0922,954
2024.08.30,07:00,1.0922,1.09274,1.09187,1.09189,105
2024.08.30,08:00,1.09189,1.09197,1.09186,1.09187,809
2024.08.30,09:00,1.09187,1.09233,1.09181,1.09219,167
2024.08.30,10:00,1.09219,1.09232,1.09149,1.09189,540
2024.08.30,11:00,1.09189,1.09208,1.09142,1.09162,487
2024.08.30,12:00,1.09162,1.09197,1.09158,1.09179,521
2024.08.30,13:00,1.09179,1.09186,1.09156,1.09172,173
2024.08.30,14:00,1.09172,1.09194,1.09161,1.09192,778
2024.08.30,15:00,1.09192,1.09193,1.0919,1.09191,348
2024.08.30,16:00,1.09191,1.09227,1.09164,1.09212,793
2024.08.30,17:00,1.09212,1.09229,1.09145,1.09181,689
2024.08.30,18:00,1.09181,1.09203,1.09172,1.09181,596
2024.08.30,19:00,1.09181,1.09185,1.09167,1.09174,377
2024.08.30,20:00,1.09174,1.09186,1.09088,1.09138,687
2024.08.30,21:00,1.09138,1.09145,1.09083,1.09091,997
2024.08.30,22:00,1.09091,1.09128,1.0908,1.09112,930
2024.08.30,23:00,1.09112,1.09125,1.09066,1.09101,924
2024.08.31,00:00,1.09101,1.09116,1.09043,1.0907,297
2024.08.31,01:00,1.0907,1.09081,1.09048,1.09068,626
2024.08.31,02:00,1.09068,1.0912,1.09019,1.09101,458
2024.08.31,03:00,1.09101,1.09127,1.09005,1.09033,970
2024.08.31,04:00,1.09033,1.09046,1.08959,1.08988,955
2024.08.31,05:00,1.08988,1.09,1.08959,1.0896,881
2024.08.31,06:00,1.0896,1.09029,1.08944,1.09004,246
2024.08.31,07:00,1.09004,1.09069,1.08971,1.09013,387
2024.08.31,08:00,1.09013,1.0907,1.08983,1.09036,740
2024.08.31,09:00,1.09036,1.0905,1.08986,1.09002,774
2024.08.31,10:00,1.09002,1.09014,1.08967,1.08968,415
2024.08.31,11:00,1.08968,1.08998,1.08955,1.08981,223
2024.08.31,12:00,1.08981,1.09005,1.08966,1.08983,223
2024.08.31,13:00,1.08983,1.09006,1.08972,1.09,716
2024.08.31,14:00,1.09,1.09024,1.08985,1.08994,508
2024.08.31,15:00,1.08994,1.09009,1.08957,1.09002,541
2024.08.31,16:00,1.09002,1.09008,1.08985,1.09007,833
2024.08.31,17:00,1.09007,1.0904,1.08983,1.0903,115
2024.08.31,18:00,1.0903,1.09065,1.09016,1.09055,779
2024.08.31,19:00,1.09055,1.09067,1.08999,1.09006,346
2024.08.31,20:00,1.09006,1.09013,1.08933,1.08939,938
2024.08.31,21:00,1.08939,1.09011,1.08932,1.08969,959
2024.08.31,22:00,1.08969,1.09009,1.08956,1.09004,551
2024.08.31,23:00,1.09004,1.09041,1.08956,1.08974,384
2024.09.01,00:00,1.08974,1.08994,1.08897,1.08918,309
2024.09.01,01:00,1.08918,1.08956,1.08917,1.08921,263
2024.09.01,02:00,1.08921,1.08949,1.0888,1.08949,999
2024.09.01,03:00,1.08949,1.09005,1.08948,1.09003,268
2024.09.01,04:00,1.09003,1.09028,1.08984,1.09018,501
2024.09.01,05:00,1.09018,1.09058,1.08982,1.09007,531
2024.09.01,06:00,1.09007,1.09018,1.08968,1.0898,711
2024.09.01,07:00,1.0898,1.08995,1.08966,1.08981,858
2024.09.01,08:00,1.08981,1.08999,1.08948,1.08972,602
2024.09.01,09:00,1.08972,1.08992,1.08928,1.08941,782
2024.09.01,10:00,1.08941,1.09003,1.08939,1.09003,610
2024.09.01,11:00,1.09003,1.0906,1.08999,1.09056,493
2024.09.01,12:00,1.09056,1.09127,1.0903,1.0909,241
2024.09.01,13:00,1.0909,1.09094,1.09057,1.09063,287
2024.09.01,14:00,1.09063,1.09089,1.09036,1.09088,489
2024.09.01,15:00,1.09088,1.09112,1.09083,1.09107,141
2024.09.01,16:00,1.09107,1.09137,1.09081,1.09121,384
2024.09.01,17:00,1.09121,1.09169,1.0909,1.09158,516
2024.09.01,18:00,1.09158,1.09181,1.09125,1.09177,525
2024.09.01,19:00,1.09177,1.09201,1.09175,1.09199,833
2024.09.01,20:00,1.09199,1.09231,1.09187,1.09219,970
2024.09.01,21:00,1.09219,1.0925,1.09213,1.09229,756
2024.09.01,22:00,1.09229,1.09235,1.09146,1.09175,171
2024.09.01,23:00,1.09175,1.09187,1.09147,1.09178,467
2024.09.02,00:00,1.09178,1.09187,1.09153,1.09161,756
2024.09.02,01:00,1.09161,1.09173,1.09095,1.09123,635
2024.09.02,02:00,1.09123,1.09182,1.09122,1.09173,512
2024.09.02,03:00,1.09173,1.09241,1.09145,1.09225,492
2024.09.02,04:00,1.09225,1.09285,1.0922,1.09266,465
2024.09.02,05:00,1.09266,1.09299,1.09249,1.09273,621
2024.09.02,06:00,1.09273,1.0935,1.09259,1.09314,260
2024.09.02,07:00,1.09314,1.09332,1.09302,1.09314,565
2024.09.02,08:00,1.09314,1.09321,1.09307,1.0932,285
2024.09.02,09:00,1.0932,1.09321,1.09283,1.09288,712
2024.09.02,10:00,1.09288,1.09301,1.09249,1.093,878
2024.09.02,11:00,1.093,1.09314,1.09281,1.09301,556
2024.09.02,12:00,1.09301,1.09331,1.09262,1.09262,448
2024.09.02,13:00,1.09262,1.09264,1.0926,1.09261,946
2024.09.02,14:00,1.09261,1.09276,1.0925,1.09258,693
2024.09.02,15:00,1.09258,1.09314,1.0925,1.09312,485
2024.09.02,16:00,1.09312,1.09355,1.09306,1.09339,125
2024.09.02,17:00,1.09339,1.09361,1.09336,1.09339,114
2024.09.02,18:00,1.09339,1.09352,1.09308,1.09347,299
2024.09.02,19:00,1.09347,1.09351,1.09347,1.09348,312
2024.09.02,20:00,1.09348,1.0936,1.0932,1.09342,749
2024.09.02,21:00,1.09342,1.09386,1.09275,1.0931,550
2024.09.02,22:00,1.0931,1.09315,1.09302,1.09305,999
2024.09.02,23:00,1.09305,1.09315,1.09273,1.09283,586
2024.09.03,00:00,1.09283,1.09304,1.09235,1.09245,912
2024.09.03,01:00,1.09245,1.09286,1.09234,1.09261,597
2024.09.03,02:00,1.09261,1.09304,1.09222,1.09272,422
2024.09.03,03:00,1.09272,1.09291,1.09191,1.09219,743
2024.09.03,04:00,1.09219,1.0924,1.09176,1.09215,504
2024.09.03,05:00,1.09215,1.09246,1.09194,1.09245,347
2024.09.03,06:00,1.09245,1.09278,1.09233,1.09277,525
2024.09.03,07:00,1.09277,1.09326,1.09263,1.09307,698
2024.09.03,08:00,1.09307,1.09315,1.09306,1.09309,438
2024.09.03,09:00,1.09309,1.09333,1.09271,1.09283,733
2024.09.03,10:00,1.09283,1.09299,1.0924,1.09251,982
2024.09.03,11:00,1.09251,1.09289,1.09248,1.09261,470
2024.09.03,12:00,1.09261,1.09291,1.09252,1.09272,365
2024.09.03,13:00,1.09272,1.09321,1.09251,1.09311,461
2024.09.03,14:00,1.09311,1.09357,1.09306,1.09344,854
2024.09.03,15:00,1.09344,1.09376,1.09316,1.0934,261
2024.09.03,16:00,1.0934,1.09355,1.09294,1.09303,976
2024.09.03,17:00,1.09303,1.09304,1.09241,1.09293,472
2024.09.03,18:00,1.09293,1.09323,1.09266,1.093,857
2024.09.03,19:00,1.093,1.0932,1.09279,1.09294,808
2024.09.03,20:00,1.09294,1.09295,1.09275,1.09276,805
2024.09.03,21:00,1.09276,1.09297,1.09238,1.09284,918
2024.09.03,22:00,1.09284,1.09332,1.09242,1.09269,266
2024.09.03,23:00,1.09269,1.09289,1.09224,1.0925,634
2024.09.04,00:00,1.0925,1.09283,1.09234,1.09259,189
2024.09.04,01:00,1.09259,1.09266,1.09233,1.09247,369
2024.09.04,02:00,1.09247,1.0926,1.09244,1.09255,136
2024.09.04,03:00,1.09255,1.09284,1.09233,1.09263,714
2024.09.04,04:00,1.09263,1.09274,1.09204,1.09229,646
2024.09.04,05:00,1.09229,1.09276,1.09213,1.09214,766
2024.09.04,06:00,1.09214,1.09273,1.09196,1.09257,258
2024.09.04,07:00,1.09257,1.0926,1.09208,1.09222,398
2024.09.04,08:00,1.09222,1.09226,1.09143,1.09159,708
2024.09.04,09:00,1.09159,1.09168,1.09093,1.09103,843
2024.09.04,10:00,1.09103,1.0912,1.09098,1.09104,897
2024.09.04,11:00,1.09104,1.09117,1.091,1.09105,166
2024.09.04,12:00,1.09105,1.09109,1.09089,1.09101,462
2024.09.04,13:00,1.09101,1.09175,1.09099,1.09138,109
2024.09.04,14:00,1.09138,1.09147,1.09052,1.09058,836
2024.09.04,15:00,1.09058,1.09078,1.09048,1.09069,210
2024.09.04,16:00,1.09069,1.09138,1.09056,1.09116,839
2024.09.04,17:00,1.09116,1.09129,1.0908,1.09082,240
2024.09.04,18:00,1.09082,1.09101,1.09069,1.09071,113
2024.09.04,19:00,1.09071,1.09074,1.09033,1.09048,891
2024.09.04,20:00,1.09048,1.0911,1.09004,1.09022,494
2024.09.04,21:00,1.09022,1.09047,1.08996,1.09012,482
2024.09.04,22:00,1.09012,1.09092,1.09003,1.09055,682
2024.09.04,23:00,1.09055,1.09121,1.09046,1.0911,347
2024.09.05,00:00,1.0911,1.09149,1.09094,1.091,721
2024.09.05,01:00,1.091,1.09182,1.09099,1.09157,486
2024.09.05,02:00,1.09157,1.09158,1.09143,1.09158,345
2024.09.05,03:00,1.09158,1.09233,1.09139,1.09211,455
2024.09.05,04:00,1.09211,1.09216,1.0919,1.09208,105
2024.09.05,05:00,1.09208,1.09221,1.09206,1.09212,371
2024.09.05,06:00,1.09212,1.0923,1.09184,1.09223,632
2024.09.05,07:00,1.09223,1.09332,1.09218,1.09318,224
2024.09.05,08:00,1.09318,1.09389,1.09305,1.09344,206
2024.09.05,09:00,1.09344,1.09363,1.09317,1.09322,690
2024.09.05,10:00,1.09322,1.09383,1.09317,1.09351,485
2024.09.05,11:00,1.09351,1.0936,1.09326,1.09341,222
2024.09.05,12:00,1.09341,1.09363,1.09312,1.09326,773
2024.09.05,13:00,1.09326,1.09377,1.09269,1.09353,797
2024.09.05,14:00,1.09353,1.09363,1.09346,1.09354,131
2024.09.05,15:00,1.09354,1.09386,1.09353,1.09362,281
2024.09.05,16:00,1.09362,1.09381,1.09353,1.09363,433
2024.09.05,17:00,1.09363,1.09424,1.09353,1.09373,758
2024.09.05,18:00,1.09373,1.09401,1.09342,1.09386,166
2024.09.05,19:00,1.09386,1.09396,1.09314,1.09328,825
2024.09.05,20:00,1.09328,1.09354,1.09318,1.09348,387
2024.09.05,21:00,1.09348,1.09357,1.09286,1.09318,212
2024.09.05,22:00,1.09318,1.09336,1.0926,1.09275,877
2024.09.05,23:00,1.09275,1.0933,1.09239,1.09273,178
2024.09.06,00:00,1.09273,1.09284,1.0926,1.09276,216
2024.09.06,01:00,1.09276,1.09283,1.09199,1.09255,954
2024.09.06,02:00,1.09255,1.0929,1.09247,1.0928,567
2024.09.06,03:00,1.0928,1.09318,1.09206,1.09239,516
2024.09.06,04:00,1.09239,1.0924,1.09209,1.09227,718
2024.09.06,05:00,1.09227,1.09253,1.09195,1.0921,667
2024.09.06,06:00,1.0921,1.09215,1.09182,1.09208,652
2024.09.06,07:00,1.09208,1.09233,1.09203,1.09217,120
2024.09.06,08:00,1.09217,1.09222,1.09174,1.09186,596
2024.09.06,09:00,1.09186,1.09236,1.09183,1.09208,350
2024.09.06,10:00,1.09208,1.09211,1.09193,1.0921,826
2024.09.06,11:00,1.0921,1.0922,1.09149,1.09153,554
2024.09.06,12:00,1.09153,1.09161,1.09085,1.09095,211
2024.09.06,13:00,1.09095,1.091,1.0909,1.09094,897
2024.09.06,14:00,1.09094,1.09102,1.09062,1.09088,355
2024.09.06,15:00,1.09088,1.09132,1.09077,1.09084,344
2024.09.06,16:00,1.09084,1.0909,1.09048,1.09084,942
2024.09.06,17:00,1.09084,1.09099,1.09075,1.0909,797
2024.09.06,18:00,1.0909,1.09144,1.09075,1.09119,873
2024.09.06,19:00,1.09119,1.09142,1.09079,1.09085,695
2024.09.06,20:00,1.09085,1.09086,1.09039,1.0905,919
2024.09.06,21:00,1.0905,1.09098,1.09016,1.09018,203
2024.09.06,22:00,1.09018,1.09037,1.08994,1.09026,639
2024.09.06,23:00,1.09026,1.09108,1.09008,1.09064,364
2024.09.07,00:00,1.09064,1.09093,1.09042,1.09051,458
2024.09.07,01:00,1.09051,1.09054,1.08957,1.08976,314
2024.09.07,02:00,1.08976,1.08996,1.08909,1.08924,284
2024.09.07,03:00,1.08924,1.08942,1.08891,1.08899,498
2024.09.07,04:00,1.08899,1.0893,1.08856,1.08883,926
2024.09.07,05:00,1.08883,1.08888,1.08862,1.0887,671
2024.09.07,06:00,1.0887,1.08872,1.0886,1.08872,414
2024.09.07,07:00,1.08872,1.08881,1.0884,1.08862,490
2024.09.07,08:00,1.08862,1.08895,1.08844,1.08894,576
2024.09.07,09:00,1.08894,1.08949,1.08855,1.08873,320
2024.09.07,10:00,1.08873,1.0889,1.08838,1.08848,569
2024.09.07,11:00,1.08848,1.08883,1.08846,1.08862,726
2024.09.07,12:00,1.08862,1.08879,1.08778,1.08816,318
2024.09.07,13:00,1.08816,1.08857,1.08808,1.08828,626
2024.09.07,14:00,1.08828,1.08834,1.08791,1.08831,737
2024.09.07,15:00,1.08831,1.08872,1.08807,1.08826,567
2024.09.07,16:00,1.08826,1.08878,1.08799,1.08874,362
2024.09.07,17:00,1.08874,1.0889,1.08819,1.08855,598
2024.09.07,18:00,1.08855,1.08936,1.08831,1.08917,813
2024.09.07,19:00,1.08917,1.08921,1.08904,1.0891,299
2024.09.07,20:00,1.0891,1.08924,1.08871,1.08872,617
2024.09.07,21:00,1.08872,1.08904,1.08836,1.08874,712
2024.09.07,22:00,1.08874,1.08889,1.08832,1.08842,389
2024.09.07,23:00,1.08842,1.08855,1.0881,1.08819,448
2024.09.08,00:00,1.08819,1.08844,1.08788,1.08831,899
2024.09.08,01:00,1.08831,1.08849,1.08824,1.08848,427
2024.09.08,02:00,1.08848,1.08852,1.08815,1.08829,638
2024.09.08,03:00,1.08829,1.08882,1.088,1.08859,234
2024.09.08,04:00,1.08859,1.08937,1.08855,1.08893,933
2024.09.08,05:00,1.08893,1.0894,1.0886,1.08937,637
2024.09.08,06:00,1.08937,1.08959,1.08915,1.08952,784
2024.09.08,07:00,1.08952,1.09018,1.08936,1.08993,642
2024.09.08,08:00,1.08993,1.09025,1.08936,1.08937,419
2024.09.08,09:00,1.08937,1.08968,1.08921,1.08927,406
2024.09.08,10:00,1.08927,1.08947,1.08886,1.08901,731
2024.09.08,11:00,1.08901,1.08912,1.08897,1.08905,873
2024.09.08,12:00,1.08905,1.08915,1.08882,1.08888,214
2024.09.08,13:00,1.08888,1.08938,1.08863,1.08883,860
2024.09.08,14:00,1.08883,1.08969,1.0883,1.08939,847
2024.09.08,15:00,1.08939,1.08962,1.08918,1.08934,198
2024.09.08,16:00,1.08934,1.08954,1.08931,1.08947,197
2024.09.08,17:00,1.08947,1.08964,1.08938,1.0894,725
2024.09.08,18:00,1.0894,1.08958,1.08932,1.08942,858
2024.09.08,19:00,1.08942,1.08964,1.08937,1.08942,454
2024.09.08,20:00,1.08942,1.0896,1.08936,1.08956,676
2024.09.08,21:00,1.08956,1.08993,1.08945,1.0899,999
2024.09.08,22:00,1.0899,1.09072,1.08986,1.0904,390
2024.09.08,23:00,1.0904,1.09056,1.09017,1.09049,302
2024.09.09,00:00,1.09049,1.09116,1.09035,1.09067,992
2024.09.09,01:00,1.09067,1.09077,1.09031,1.09032,352
2024.09.09,02:00,1.09032,1.09046,1.09026,1.0903,525
2024.09.09,03:00,1.0903,1.09059,1.08999,1.09058,497
2024.09.09,04:00,1.09058,1.09086,1.09052,1.09084,570
2024.09.09,05:00,1.09084,1.09096,1.09065,1.0909,341
2024.09.09,06:00,1.0909,1.09133,1.09066,1.09117,711
2024.09.09,07:00,1.09117,1.09162,1.09116,1.09132,722
2024.09.09,08:00,1.09132,1.09178,1.09127,1.09168,280
2024.09.09,09:00,1.09168,1.0919,1.09161,1.09176,532
2024.09.09,10:00,1.09176,1.09189,1.0916,1.09166,151
2024.09.09,11:00,1.09166,1.09208,1.09149,1.09176,298
2024.09.09,12:00,1.09176,1.09189,1.09083,1.09088,988
2024.09.09,13:00,1.09088,1.09122,1.09083,1.09099,555
2024.09.09,14:00,1.09099,1.091,1.08967,1.0899,660
2024.09.09,15:00,1.0899,1.09029,1.08919,1.08938,899
2024.09.09,16:00,1.08938,1.08966,1.08895,1.08952,742
2024.09.09,17:00,1.08952,1.08999,1.08948,1.08966,813
2024.09.09,18:00,1.08966,1.08972,1.08916,1.08931,740
2024.09.09,19:00,1.08931,1.08949,1.08881,1.0891,548
2024.09.09,20:00,1.0891,1.08974,1.08904,1.08951,669
2024.09.09,21:00,1.08951,1.0896,1.08925,1.08936,359
2024.09.09,22:00,1.08936,1.09007,1.08934,1.09004,901
2024.09.09,23:00,1.09004,1.09016,1.08997,1.09004,261
2024.09.10,00:00,1.09004,1.09028,1.09,1.09016,895
2024.09.10,01:00,1.09016,1.09073,1.08988,1.09064,890
2024.09.10,02:00,1.09064,1.09088,1.09063,1.09068,228
2024.09.10,03:00,1.09068,1.09074,1.09032,1.09038,739
2024.09.10,04:00,1.09038,1.09052,1.08998,1.09035,990
2024.09.10,05:00,1.09035,1.09052,1.09032,1.09034,614
2024.09.10,06:00,1.09034,1.09067,1.08946,1.08993,406
2024.09.10,07:00,1.08993,1.08999,1.08983,1.08985,891
2024.09.10,08:00,1.08985,1.08992,1.08908,1.08963,561
2024.09.10,09:00,1.08963,1.09038,1.08946,1.08991,209
2024.09.10,10:00,1.08991,1.09002,1.08974,1.08992,324
2024.09.10,11:00,1.08992,1.0901,1.08971,1.08983,714
2024.09.10,12:00,1.08983,1.09015,1.08965,1.0898,509
2024.09.10,13:00,1.0898,1.09021,1.08953,1.08987,295
2024.09.10,14:00,1.08987,1.09034,1.0898,1.09005,819
2024.09.10,15:00,1.09005,1.09027,1.08973,1.08975,208
2024.09.10,16:00,1.08975,1.09002,1.08907,1.08944,297
2024.09.10,17:00,1.08944,1.08992,1.08921,1.08977,519
2024.09.10,18:00,1.08977,1.0899,1.08965,1.08965,135
2024.09.10,19:00,1.08965,1.08977,1.08914,1.08922,448
2024.09.10,20:00,1.08922,1.08982,1.08914,1.08936,918
2024.09.10,21:00,1.08936,1.08987,1.08911,1.08949,947
2024.09.10,22:00,1.08949,1.08955,1.08889,1.08904,884
2024.09.10,23:00,1.08904,1.08941,1.0888,1.0891,391
2024.09.11,00:00,1.0891,1.08941,1.08878,1.08932,158
2024.09.11,01:00,1.08932,1.08946,1.08898,1.08944,833
2024.09.11,02:00,1.08944,1.08985,1.08922,1.08963,435
2024.09.11,03:00,1.08963,1.09005,1.08912,1.08921,773
2024.09.11,04:00,1.08921,1.08942,1.08887,1.0893,207
2024.09.11,05:00,1.0893,1.08931,1.08915,1.08921,701
2024.09.11,06:00,1.08921,1.08958,1.08896,1.08907,627
2024.09.11,07:00,1.08907,1.08963,1.08907,1.08933,928
2024.09.11,08:00,1.08933,1.08998,1.08913,1.08977,191
2024.09.11,09:00,1.08977,1.09052,1.08968,1.09031,467
2024.09.11,10:00,1.09031,1.09073,1.09007,1.09071,990
2024.09.11,11:00,1.09071,1.09076,1.09042,1.09067,450
2024.09.11,12:00,1.09067,1.09097,1.09059,1.09078,692
2024.09.11,13:00,1.09078,1.09121,1.09056,1.09101,244
2024.09.11,14:00,1.09101,1.0911,1.09095,1.09105,755
2024.09.11,15:00,1.09105,1.09128,1.09079,1.09109,348
2024.09.11,16:00,1.09109,1.09136,1.09103,1.09133,614
2024.09.11,17:00,1.09133,1.09135,1.09122,1.09131,891
2024.09.11,18:00,1.09131,1.09143,1.09081,1.0911,694
2024.09.11,19:00,1.0911,1.09129,1.09091,1.09097,526
2024.09.11,20:00,1.09097,1.09131,1.09072,1.09116,271
2024.09.11,21:00,1.09116,1.09133,1.09101,1.09116,407
2024.09.11,22:00,1.09116,1.09179,1.09115,1.09126,864
2024.09.11,23:00,1.09126,1.09154,1.09107,1.09147,294
2024.09.12,00:00,1.09147,1.09156,1.09127,1.09135,690
2024.09.12,01:00,1.09135,1.09173,1.0913,1.09158,536
2024.09.12,02:00,1.09158,1.09186,1.09144,1.09169,388
2024.09.12,03:00,1.09169,1.0918,1.09108,1.09132,744
2024.09.12,04:00,1.09132,1.09184,1.09104,1.09176,425
2024.09.12,05:00,1.09176,1.09186,1.09114,1.09161,358
2024.09.12,06:00,1.09161,1.09177,1.0909,1.09111,576
2024.09.12,07:00,1.09111,1.09119,1.09067,1.0908,781
2024.09.12,08:00,1.0908,1.09081,1.09017,1.09049,877
2024.09.12,09:00,1.09049,1.0907,1.09022,1.09051,666
2024.09.12,10:00,1.09051,1.09063,1.09006,1.09042,695
2024.09.12,11:00,1.09042,1.09079,1.09019,1.09032,808
2024.09.12,12:00,1.09032,1.09089,1.09026,1.09051,342
2024.09.12,13:00,1.09051,1.09086,1.09038,1.09061,325
2024.09.12,14:00,1.09061,1.09097,1.09048,1.0907,535
2024.09.12,15:00,1.0907,1.09086,1.0904,1.09083,667
2024.09.12,16:00,1.09083,1.09125,1.09078,1.09101,681
2024.09.12,17:00,1.09101,1.09115,1.09006,1.09038,238
2024.09.12,18:00,1.09038,1.09053,1.08978,1.09027,802
2024.09.12,19:00,1.09027,1.09036,1.0893,1.08962,427
2024.09.12,20:00,1.08962,1.08989,1.08941,1.08963,889
2024.09.12,21:00,1.08963,1.08976,1.08942,1.08963,751
2024.09.12,22:00,1.08963,1.08994,1.08933,1.08994,984
2024.09.12,23:00,1.08994,1.09039,1.08967,1.0903,668
2024.09.13,00:00,1.0903,1.09044,1.08981,1.09036,574
2024.09.13,01:00,1.09036,1.09042,1.09011,1.09021,269
2024.09.13,02:00,1.09021,1.09047,1.08994,1.09035,458
2024.09.13,03:00,1.09035,1.09053,1.08975,1.09019,872
2024.09.13,04:00,1.09019,1.0902,1.09014,1.09019,443
2024.09.13,05:00,1.09019,1.0909,1.09013,1.09049,148
2024.09.13,06:00,1.09049,1.09053,1.09019,1.09032,320
2024.09.13,07:00,1.09032,1.09072,1.09028,1.09056,635
2024.09.13,08:00,1.09056,1.09082,1.09048,1.09077,666
2024.09.13,09:00,1.09077,1.09113,1.09042,1.09048,985
2024.09.13,10:00,1.09048,1.09095,1.09042,1.09077,940
2024.09.13,11:00,1.09077,1.09103,1.09055,1.09098,578
2024.09.13,12:00,1.09098,1.09102,1.09085,1.09101,599
2024.09.13,13:00,1.09101,1.09103,1.09078,1.09078,820
2024.09.13,14:00,1.09078,1.09081,1.09035,1.09053,143
2024.09.13,15:00,1.09053,1.09055,1.09021,1.09037,635
2024.09.13,16:00,1.09037,1.0907,1.09008,1.09053,526
2024.09.13,17:00,1.09053,1.0908,1.08995,1.09024,804
2024.09.13,18:00,1.09024,1.09037,1.09009,1.09037,820
2024.09.13,19:00,1.09037,1.09054,1.08979,1.09,690
2024.09.13,20:00,1.09,1.09014,1.08979,1.08994,691
2024.09.13,21:00,1.08994,1.09012,1.08987,1.08997,722
2024.09.13,22:00,1.08997,1.09086,1.08975,1.09071,622
2024.09.13,23:00,1.09071,1.09092,1.09021,1.09029,305
2024.09.14,00:00,1.09029,1.09118,1.09025,1.09073,356
2024.09.14,01:00,1.09073,1.0908,1.09049,1.09078,767
2024.09.14,02:00,1.09078,1.09134,1.09068,1.0909,656
2024.09.14,03:00,1.0909,1.09105,1.09089,1.09094,314
2024.09.14,04:00,1.09094,1.09132,1.09064,1.09107,890
2024.09.14,05:00,1.09107,1.09118,1.091,1.09102,982
2024.09.14,06:00,1.09102,1.09151,1.09096,1.09146,663
2024.09.14,07:00,1.09146,1.09166,1.09116,1.09132,305
2024.09.14,08:00,1.09132,1.09176,1.09118,1.09166,944
2024.09.14,09:00,1.09166,1.09191,1.09122,1.09147,313
2024.09.14,10:00,1.09147,1.09165,1.09144,1.09145,489
2024.09.14,11:00,1.09145,1.09176,1.09087,1.09113,872
2024.09.14,12:00,1.09113,1.09134,1.09074,1.09127,568
2024.09.14,13:00,1.09127,1.09188,1.09126,1.0917,318
2024.09.14,14:00,1.0917,1.09176,1.09167,1.09168,172
2024.09.14,15:00,1.09168,1.0918,1.09147,1.09162,424
2024.09.14,16:00,1.09162,1.09196,1.09081,1.09128,704
2024.09.14,17:00,1.09128,1.09133,1.0912,1.09122,743
2024.09.14,18:00,1.09122,1.09138,1.09066,1.09074,300
2024.09.14,19:00,1.09074,1.09076,1.09046,1.09046,242
2024.09.14,20:00,1.09046,1.09065,1.09006,1.09053,731
2024.09.14,21:00,1.09053,1.09093,1.09038,1.09093,243
2024.09.14,22:00,1.09093,1.09206,1.09073,1.09177,157
2024.09.14,23:00,1.09177,1.09188,1.09147,1.09159,537
2024.09.15,00:00,1.09159,1.09237,1.09143,1.09202,613
2024.09.15,01:00,1.09202,1.09214,1.09176,1.0921,319
2024.09.15,02:00,1.0921,1.09245,1.09178,1.09205,290
2024.09.15,03:00,1.09205,1.09222,1.09195,1.09218,312
2024.09.15,04:00,1.09218,1.09256,1.09209,1.0922,408
2024.09.15,05:00,1.0922,1.09261,1.09215,1.09223,108
2024.09.15,06:00,1.09223,1.09237,1.09195,1.09211,110
2024.09.15,07:00,1.09211,1.09213,1.09149,1.09169,433
2024.09.15,08:00,1.09169,1.09177,1.09102,1.09123,117
2024.09.15,09:00,1.09123,1.09164,1.09111,1.09142,386
2024.09.15,10:00,1.09142,1.09153,1.09113,1.09134,622
2024.09.15,11:00,1.09134,1.09157,1.09085,1.09116,128
2024.09.15,12:00,1.09116,1.09127,1.09112,1.09117,656
2024.09.15,13:00,1.09117,1.09145,1.09112,1.0914,659
2024.09.15,14:00,1.0914,1.09149,1.09106,1.09146,616
2024.09.15,15:00,1.09146,1.09149,1.09113,1.09126,663
2024.09.15,16:00,1.09126,1.09184,1.0912,1.09163,828
2024.09.15,17:00,1.09163,1.09228,1.09157,1.0921,163
2024.09.15,18:00,1.0921,1.09258,1.09205,1.09225,251
2024.09.15,19:00,1.09225,1.09267,1.0921,1.09254,385
2024.09.15,20:00,1.09254,1.09304,1.09239,1.09292,719
2024.09.15,21:00,1.09292,1.09335,1.09285,1.09326,885
2024.09.15,22:00,1.09326,1.09352,1.0932,1.09344,926
2024.09.15,23:00,1.09344,1.09368,1.09337,1.09362,623
2024.09.16,00:00,1.09362,1.09393,1.09335,1.09377,469
2024.09.16,01:00,1.09377,1.09378,1.09328,1.09345,470
2024.09.16,02:00,1.09345,1.09375,1.09332,1.09366,153
2024.09.16,03:00,1.09366,1.09372,1.09302,1.09325,518
2024.09.16,04:00,1.09325,1.09365,1.09292,1.09301,561
2024.09.16,05:00,1.09301,1.09375,1.09277,1.0934,287
2024.09.16,06:00,1.0934,1.09375,1.09322,1.09365,791
2024.09.16,07:00,1.09365,1.09444,1.0936,1.0941,830
2024.09.16,08:00,1.0941,1.09412,1.09381,1.09402,371
2024.09.16,09:00,1.09402,1.09411,1.09361,1.09367,922
2024.09.16,10:00,1.09367,1.09409,1.09346,1.0936,196
2024.09.16,11:00,1.0936,1.09371,1.09348,1.09363,919
2024.09.16,12:00,1.09363,1.09373,1.0935,1.09365,791
2024.09.16,13:00,1.09365,1.09441,1.09345,1.09399,301
2024.09.16,14:00,1.09399,1.09416,1.09384,1.09389,685
2024.09.16,15:00,1.09389,1.09428,1.09376,1.09399,379
2024.09.16,16:00,1.09399,1.09429,1.09344,1.0937,819
2024.09.16,17:00,1.0937,1.0939,1.09364,1.09383,244
2024.09.16,18:00,1.09383,1.09384,1.09365,1.09383,320
2024.09.16,19:00,1.09383,1.0941,1.09355,1.09361,376
2024.09.16,20:00,1.09361,1.09394,1.09309,1.09354,279
2024.09.16,21:00,1.09354,1.09376,1.09319,1.09348,399
2024.09.16,22:00,1.09348,1.09367,1.09334,1.0934,642
2024.09.16,23:00,1.0934,1.09397,1.09334,1.09393,669
2024.09.17,00:00,1.09393,1.09402,1.09381,1.0939,598
2024.09.17,01:00,1.0939,1.09426,1.09366,1.09383,270
2024.09.17,02:00,1.09383,1.09392,1.09297,1.0932,282
2024.09.17,03:00,1.0932,1.09365,1.09286,1.09293,927
2024.09.17,04:00,1.09293,1.09306,1.0928,1.09285,326
2024.09.17,05:00,1.09285,1.09315,1.09251,1.09265,192
2024.09.17,06:00,1.09265,1.0931,1.0923,1.09306,508
2024.09.17,07:00,1.09306,1.09308,1.09298,1.09301,106
2024.09.17,08:00,1.09301,1.09347,1.09299,1.0934,408
2024.09.17,09:00,1.0934,1.09358,1.0931,1.09342,869
2024.09.17,10:00,1.09342,1.09362,1.09322,1.09343,340
2024.09.17,11:00,1.09343,1.09368,1.09334,1.0934,733
2024.09.17,12:00,1.0934,1.09368,1.0934,1.0934,540
2024.09.17,13:00,1.0934,1.09412,1.09336,1.09392,419
2024.09.17,14:00,1.09392,1.09411,1.09315,1.09322,695
2024.09.17,15:00,1.09322,1.09324,1.09235,1.09262,635
2024.09.17,16:00,1.09262,1.09269,1.09215,1.09246,386
2024.09.17,17:00,1.09246,1.09255,1.09228,1.09246,301
2024.09.17,18:00,1.09246,1.09287,1.09227,1.09267,925
2024.09.17,19:00,1.09267,1.09283,1.09254,1.09281,251
2024.09.17,20:00,1.09281,1.09309,1.09257,1.0927,963
2024.09.17,21:00,1.0927,1.09306,1.09266,1.093,524
2024.09.17,22:00,1.093,1.09344,1.09296,1.09331,997
2024.09.17,23:00,1.09331,1.09353,1.09307,1.09337,417
2024.09.18,00:00,1.09337,1.09409,1.09327,1.09366,608
2024.09.18,01:00,1.09366,1.09383,1.09354,1.09374,653
2024.09.18,02:00,1.09374,1.09388,1.09345,1.09357,404
2024.09.18,03:00,1.09357,1.0941,1.09342,1.09378,296
2024.09.18,04:00,1.09378,1.09398,1.09375,1.09381,568
2024.09.18,05:00,1.09381,1.09406,1.09337,1.09381,696
2024.09.18,06:00,1.09381,1.09431,1.09381,1.09425,335
2024.09.18,07:00,1.09425,1.09464,1.09338,1.09352,790
2024.09.18,08:00,1.09352,1.09373,1.09306,1.09309,674
2024.09.18,09:00,1.09309,1.0932,1.09272,1.09274,249
2024.09.18,10:00,1.09274,1.09302,1.0926,1.09263,944
2024.09.18,11:00,1.09263,1.09265,1.09254,1.09255,139
2024.09.18,12:00,1.09255,1.09259,1.09181,1.0921,688
2024.09.18,13:00,1.0921,1.09233,1.09161,1.0918,495
2024.09.18,14:00,1.0918,1.09198,1.09152,1.09155,688
2024.09.18,15:00,1.09155,1.09248,1.09151,1.09228,796
2024.09.18,16:00,1.09228,1.09286,1.09217,1.09282,718
2024.09.18,17:00,1.09282,1.09299,1.09266,1.0927,685
2024.09.18,18:00,1.0927,1.09297,1.09258,1.09259,856
2024.09.18,19:00,1.09259,1.09292,1.09207,1.09225,731
2024.09.18,20:00,1.09225,1.09241,1.09165,1.09167,832
2024.09.18,21:00,1.09167,1.09179,1.09156,1.09164,462
2024.09.18,22:00,1.09164,1.09172,1.09123,1.09134,282
2024.09.18,23:00,1.09134,1.09171,1.0912,1.09131,311
2024.09.19,00:00,1.09131,1.09145,1.09076,1.09083,650
2024.09.19,01:00,1.09083,1.09083,1.09043,1.0906,578
2024.09.19,02:00,1.0906,1.09084,1.09046,1.09065,169
2024.09.19,03:00,1.09065,1.09091,1.09053,1.09076,283
2024.09.19,04:00,1.09076,1.09122,1.09074,1.09088,970
2024.09.19,05:00,1.09088,1.09102,1.09044,1.09049,753
2024.09.19,06:00,1.09049,1.09088,1.09028,1.09074,779
2024.09.19,07:00,1.09074,1.09105,1.09037,1.0905,277
2024.09.19,08:00,1.0905,1.09074,1.09038,1.09069,157
2024.09.19,09:00,1.09069,1.0908,1.09065,1.09069,362
2024.09.19,10:00,1.09069,1.09072,1.0902,1.09028,871
2024.09.19,11:00,1.09028,1.09055,1.09002,1.09018,555
2024.09.19,12:00,1.09018,1.09059,1.09017,1.09029,806
2024.09.19,13:00,1.09029,1.09064,1.09027,1.09048,538
2024.09.19,14:00,1.09048,1.09049,1.08999,1.09043,541
2024.09.19,15:00,1.09043,1.09091,1.09039,1.09089,640
2024.09.19,16:00,1.09089,1.09139,1.09086,1.0912,963
2024.09.19,17:00,1.0912,1.09121,1.09109,1.09112,493
2024.09.19,18:00,1.09112,1.09135,1.09084,1.09134,636
2024.09.19,19:00,1.09134,1.09215,1.0911,1.09192,927
2024.09.19,20:00,1.09192,1.09275,1.09176,1.09251,435
2024.09.19,21:00,1.09251,1.09258,1.09162,1.09214,855
2024.09.19,22:00,1.09214,1.09219,1.09177,1.09187,581
2024.09.19,23:00,1.09187,1.09244,1.09179,1.09231,891
2024.09.20,00:00,1.09231,1.09243,1.09189,1.09199,521
2024.09.20,01:00,1.09199,1.09211,1.09138,1.0916,666
2024.09.20,02:00,1.0916,1.09162,1.09128,1.09145,390
2024.09.20,03:00,1.09145,1.09177,1.09144,1.09158,671
2024.09.20,04:00,1.09158,1.09177,1.09147,1.09155,393
2024.09.20,05:00,1.09155,1.09184,1.09115,1.09135,648
2024.09.20,06:00,1.09135,1.09138,1.09115,1.09115,809
2024.09.20,07:00,1.09115,1.09148,1.09077,1.09094,491
2024.09.20,08:00,1.09094,1.09104,1.09033,1.09067,486
2024.09.20,09:00,1.09067,1.09141,1.09058,1.09136,389
2024.09.20,10:00,1.09136,1.09192,1.09121,1.09145,757
2024.09.20,11:00,1.09145,1.09192,1.09099,1.09171,632
2024.09.20,12:00,1.09171,1.09209,1.09155,1.09157,564
2024.09.20,13:00,1.09157,1.09182,1.09136,1.09151,122
2024.09.20,14:00,1.09151,1.09167,1.09106,1.0913,199
2024.09.20,15:00,1.0913,1.0913,1.09039,1.0905,106
2024.09.20,16:00,1.0905,1.09062,1.08973,1.09009,865
2024.09.20,17:00,1.09009,1.09014,1.08943,1.08954,866
2024.09.20,18:00,1.08954,1.08973,1.0887,1.08887,161
2024.09.20,19:00,1.08887,1.0889,1.08842,1.08851,141
2024.09.20,20:00,1.08851,1.089,1.08847,1.08891,803
2024.09.20,21:00,1.08891,1.08911,1.08878,1.08889,572
2024.09.20,22:00,1.08889,1.08942,1.08886,1.08928,378
2024.09.20,23:00,1.08928,1.08947,1.08913,1.0894,653
2024.09.21,00:00,1.0894,1.08992,1.08903,1.08964,312
2024.09.21,01:00,1.08964,1.08972,1.0893,1.08937,278
2024.09.21,02:00,1.08937,1.08955,1.08921,1.08953,430
2024.09.21,03:00,1.08953,1.08982,1.08904,1.08974,906
2024.09.21,04:00,1.08974,1.0898,1.08932,1.08957,790
2024.09.21,05:00,1.08957,1.08974,1.08928,1.08974,271
2024.09.21,06:00,1.08974,1.09004,1.08973,1.08991,605
2024.09.21,07:00,1.08991,1.09005,1.08963,1.08974,896
2024.09.21,08:00,1.08974,1.09003,1.0893,1.08941,956
2024.09.21,09:00,1.08941,1.0895,1.08892,1.08905,786
2024.09.21,10:00,1.08905,1.08918,1.08894,1.08908,215
2024.09.21,11:00,1.08908,1.08922,1.08892,1.08918,316
2024.09.21,12:00,1.08918,1.08925,1.08882,1.08894,296
2024.09.21,13:00,1.08894,1.08926,1.08871,1.08895,235
2024.09.21,14:00,1.08895,1.08922,1.08875,1.08912,257
2024.09.21,15:00,1.08912,1.08966,1.08898,1.0893,384
2024.09.21,16:00,1.0893,1.08986,1.08916,1.08977,599
2024.09.21,17:00,1.08977,1.0904,1.08964,1.09015,458
2024.09.21,18:00,1.09015,1.0902,1.08971,1.08985,478
2024.09.21,19:00,1.08985,1.09056,1.08965,1.09036,321
2024.09.21,20:00,1.09036,1.09049,1.09013,1.0902,235
2024.09.21,21:00,1.0902,1.09081,1.09005,1.09051,999
2024.09.21,22:00,1.09051,1.09056,1.09049,1.09053,639
2024.09.21,23:00,1.09053,1.09088,1.09021,1.09041,306
2024.09.22,00:00,1.09041,1.09046,1.0898,1.08987,828
2024.09.22,01:00,1.08987,1.09012,1.08977,1.08981,847
2024.09.22,02:00,1.08981,1.0902,1.08915,1.08935,970
2024.09.22,03:00,1.08935,1.08989,1.08914,1.08964,243
2024.09.22,04:00,1.08964,1.0903,1.08948,1.09009,675
2024.09.22,05:00,1.09009,1.0901,1.08978,1.08985,982
2024.09.22,06:00,1.08985,1.09002,1.08984,1.08994,826
2024.09.22,07:00,1.08994,1.09022,1.08951,1.08973,302
2024.09.22,08:00,1.08973,1.08992,1.08941,1.08954,903
2024.09.22,09:00,1.08954,1.08987,1.08926,1.08977,479
2024.09.22,10:00,1.08977,1.0898,1.08972,1.08976,540
2024.09.22,11:00,1.08976,1.09036,1.08956,1.09028,602
2024.09.22,12:00,1.09028,1.09045,1.09007,1.09013,794
2024.09.22,13:00,1.09013,1.09061,1.09011,1.09043,208
2024.09.22,14:00,1.09043,1.09069,1.08974,1.09046,585
2024.09.22,15:00,1.09046,1.09087,1.09041,1.0907,835
2024.09.22,16:00,1.0907,1.09094,1.09049,1.09057,593
2024.09.22,17:00,1.09057,1.09061,1.09027,1.09055,347
2024.09.22,18:00,1.09055,1.09059,1.09015,1.09052,150
2024.09.22,19:00,1.09052,1.0906,1.09025,1.09027,594
2024.09.22,20:00,1.09027,1.09104,1.08987,1.09047,733
2024.09.22,21:00,1.09047,1.09072,1.09044,1.09066,594
2024.09.22,22:00,1.09066,1.09086,1.09031,1.09084,981
2024.09.22,23:00,1.09084,1.09131,1.09076,1.0913,642
2024.09.23,00:00,1.0913,1.09188,1.09101,1.09174,557
2024.09.23,01:00,1.09174,1.09175,1.09155,1.09162,149
2024.09.23,02:00,1.09162,1.09196,1.09146,1.09173,602
2024.09.23,03:00,1.09173,1.09176,1.09141,1.09155,251
2024.09.23,04:00,1.09155,1.09157,1.09144,1.09155,752
2024.09.23,05:00,1.09155,1.09158,1.0913,1.09137,245
2024.09.23,06:00,1.09137,1.09189,1.09111,1.09186,916
2024.09.23,07:00,1.09186,1.09218,1.09165,1.09197,371
2024.09.23,08:00,1.09197,1.09219,1.09181,1.0919,490
2024.09.23,09:00,1.0919,1.0923,1.09164,1.09226,230
2024.09.23,10:00,1.09226,1.09252,1.09135,1.09161,289
2024.09.23,11:00,1.09161,1.09196,1.0909,1.09101,929
2024.09.23,12:00,1.09101,1.09128,1.09074,1.09125,355
2024.09.23,13:00,1.09125,1.09138,1.0912,1.09126,561
2024.09.23,14:00,1.09126,1.09141,1.0912,1.09134,983
2024.09.23,15:00,1.09134,1.09152,1.09071,1.09094,661
2024.09.23,16:00,1.09094,1.09098,1.09073,1.09093,137
2024.09.23,17:00,1.09093,1.0919,1.09092,1.09154,421
2024.09.23,18:00,1.09154,1.09204,1.09143,1.09178,448
2024.09.23,19:00,1.09178,1.09207,1.09157,1.09183,348
2024.09.23,20:00,1.09183,1.09209,1.09158,1.0917,317
2024.09.23,21:00,1.0917,1.09205,1.09157,1.09158,552
2024.09.23,22:00,1.09158,1.09168,1.0908,1.09094,439
2024.09.23,23:00,1.09094,1.09103,1.09073,1.09102,364
2024.09.24,00:00,1.09102,1.09136,1.09092,1.09128,471
2024.09.24,01:00,1.09128,1.09146,1.09072,1.0908,409
2024.09.24,02:00,1.0908,1.09085,1.09054,1.0906,305
2024.09.24,03:00,1.0906,1.0911,1.08984,1.09026,507
2024.09.24,04:00,1.09026,1.09054,1.08981,1.08997,948
2024.09.24,05:00,1.08997,1.09015,1.08973,1.08998,555
2024.09.24,06:00,1.08998,1.09011,1.08934,1.08936,637
2024.09.24,07:00,1.08936,1.08971,1.08908,1.08954,985
2024.09.24,08:00,1.08954,1.09012,1.08907,1.08977,652
2024.09.24,09:00,1.08977,1.08997,1.08969,1.08969,300
2024.09.24,10:00,1.08969,1.08993,1.08887,1.08895,458
2024.09.24,11:00,1.08895,1.08916,1.08857,1.08865,539
2024.09.24,12:00,1.08865,1.08911,1.08858,1.08902,527
2024.09.24,13:00,1.08902,1.08905,1.08804,1.08819,234
2024.09.24,14:00,1.08819,1.08834,1.08766,1.08808,195
2024.09.24,15:00,1.08808,1.08816,1.08753,1.08773,414
2024.09.24,16:00,1.08773,1.08805,1.08756,1.08797,922
2024.09.24,17:00,1.08797,1.08829,1.08765,1.08777,745
2024.09.24,18:00,1.08777,1.08791,1.08757,1.08789,857
2024.09.24,19:00,1.08789,1.08827,1.08763,1.08806,257
2024.09.24,20:00,1.08806,1.08885,1.08789,1.08861,472
2024.09.24,21:00,1.08861,1.08874,1.08849,1.08855,623
2024.09.24,22:00,1.08855,1.08873,1.08822,1.08866,490
2024.09.24,23:00,1.08866,1.08881,1.08781,1.08822,475
2024.09.25,00:00,1.08822,1.08875,1.08815,1.08857,423
2024.09.25,01:00,1.08857,1.08871,1.08818,1.08834,146
2024.09.25,02:00,1.08834,1.08867,1.08778,1.08818,871
2024.09.25,03:00,1.08818,1.08828,1.08806,1.08817,939
2024.09.25,04:00,1.08817,1.08835,1.08728,1.0877,172
2024.09.25,05:00,1.0877,1.08788,1.08742,1.08777,472
2024.09.25,06:00,1.08777,1.0882,1.08772,1.08806,566
2024.09.25,07:00,1.08806,1.08851,1.08806,1.08815,805
2024.09.25,08:00,1.08815,1.0885,1.08749,1.08767,988
2024.09.25,09:00,1.08767,1.08784,1.08741,1.08763,474
2024.09.25,10:00,1.08763,1.08801,1.08757,1.08786,774
2024.09.25,11:00,1.08786,1.08805,1.08729,1.08729,943
2024.09.25,12:00,1.08729,1.08741,1.08691,1.08697,847
2024.09.25,13:00,1.08697,1.08728,1.08686,1.08723,361
2024.09.25,14:00,1.08723,1.08735,1.08721,1.08731,835
2024.09.25,15:00,1.08731,1.08752,1.08729,1.08744,471
2024.09.25,16:00,1.08744,1.08852,1.08716,1.088,115
2024.09.25,17:00,1.088,1.08825,1.08775,1.08814,782
2024.09.25,18:00,1.08814,1.08843,1.08804,1.08833,851
2024.09.25,19:00,1.08833,1.08924,1.08799,1.08915,409
2024.09.25,20:00,1.08915,1.08935,1.08901,1.08908,505
2024.09.25,21:00,1.08908,1.08938,1.08852,1.08884,427
2024.09.25,22:00,1.08884,1.0891,1.08874,1.08897,205
2024.09.25,23:00,1.08897,1.0892,1.08832,1.0891,995
2024.09.26,00:00,1.0891,1.08932,1.08871,1.08895,120
2024.09.26,01:00,1.08895,1.08902,1.0885,1.08864,600
2024.09.26,02:00,1.08864,1.08935,1.08855,1.08933,113
2024.09.26,03:00,1.08933,1.08943,1.08925,1.08943,720
2024.09.26,04:00,1.08943,1.08944,1.08882,1.08921,910
2024.09.26,05:00,1.08921,1.0896,1.08907,1.08948,679
2024.09.26,06:00,1.08948,1.08957,1.08927,1.08945,645
2024.09.26,07:00,1.08945,1.08975,1.08914,1.08937,845
2024.09.26,08:00,1.08937,1.08956,1.08923,1.08954,976
2024.09.26,09:00,1.08954,1.0897,1.08896,1.08915,875
2024.09.26,10:00,1.08915,1.08936,1.08887,1.08926,308
2024.09.26,11:00,1.08926,1.09005,1.08901,1.08983,606
2024.09.26,12:00,1.08983,1.09011,1.08971,1.08997,836
2024.09.26,13:00,1.08997,1.09009,1.08982,1.08986,365
2024.09.26,14:00,1.08986,1.08991,1.08966,1.08971,707
2024.09.26,15:00,1.08971,1.08982,1.08957,1.08959,120
2024.09.26,16:00,1.08959,1.08971,1.08938,1.08951,889
2024.09.26,17:00,1.08951,1.08956,1.08939,1.0894,652
2024.09.26,18:00,1.0894,1.08987,1.08923,1.08967,768
2024.09.26,19:00,1.08967,1.08985,1.08894,1.08915,842
2024.09.26,20:00,1.08915,1.08961,1.089,1.08941,296
2024.09.26,21:00,1.08941,1.08958,1.08925,1.0893,505
2024.09.26,22:00,1.0893,1.08943,1.08929,1.08941,872
2024.09.26,23:00,1.08941,1.08975,1.08903,1.08907,248
2024.09.27,00:00,1.08907,1.08985,1.08897,1.08947,840
2024.09.27,01:00,1.08947,1.0899,1.08934,1.08984,359
2024.09.27,02:00,1.08984,1.09041,1.08955,1.09013,617
2024.09.27,03:00,1.09013,1.09026,1.08962,1.08968,558
2024.09.27,04:00,1.08968,1.09,1.08959,1.08993,717
2024.09.27,05:00,1.08993,1.09013,1.08983,1.09005,853
2024.09.27,06:00,1.09005,1.09015,1.0892,1.08957,414
2024.09.27,07:00,1.08957,1.08957,1.0894,1.08956,254
2024.09.27,08:00,1.08956,1.08977,1.08936,1.08967,480
2024.09.27,09:00,1.08967,1.09013,1.08932,1.08983,650
2024.09.27,10:00,1.08983,1.09004,1.08961,1.08989,775
2024.09.27,11:00,1.08989,1.09013,1.08959,1.08997,778
2024.09.27,12:00,1.08997,1.09059,1.0899,1.09042,405
2024.09.27,13:00,1.09042,1.09109,1.09036,1.09078,942
2024.09.27,14:00,1.09078,1.09084,1.0897,1.08992,174
2024.09.27,15:00,1.08992,1.09006,1.08974,1.08983,205
2024.09.27,16:00,1.08983,1.09004,1.08961,1.08978,122
2024.09.27,17:00,1.08978,1.08978,1.08912,1.08925,933
2024.09.27,18:00,1.08925,1.08931,1.08916,1.08928,262
2024.09.27,19:00,1.08928,1.09003,1.08912,1.08966,641
2024.09.27,20:00,1.08966,1.09004,1.08926,1.08933,831
2024.09.27,21:00,1.08933,1.08977,1.0891,1.08943,790
2024.09.27,22:00,1.08943,1.08993,1.08912,1.08916,953
2024.09.27,23:00,1.08916,1.08934,1.0887,1.08896,148
2024.09.28,00:00,1.08896,1.0896,1.08874,1.0894,466
2024.09.28,01:00,1.0894,1.08959,1.08916,1.08924,555
2024.09.28,02:00,1.08924,1.08957,1.08887,1.08938,726
2024.09.28,03:00,1.08938,1.08947,1.08873,1.08881,660
2024.09.28,04:00,1.08881,1.08939,1.08874,1.08937,603
2024.09.28,05:00,1.08937,1.08966,1.08922,1.08955,376
2024.09.28,06:00,1.08955,1.0896,1.08945,1.0895,195
2024.09.28,07:00,1.0895,1.08991,1.08942,1.08967,488
2024.09.28,08:00,1.08967,1.08969,1.08906,1.08925,333
2024.09.28,09:00,1.08925,1.08964,1.08897,1.0896,598
2024.09.28,10:00,1.0896,1.08982,1.089,1.08951,817
2024.09.28,11:00,1.08951,1.08962,1.08928,1.08944,597
2024.09.28,12:00,1.08944,1.08959,1.0892,1.0893,624
2024.09.28,13:00,1.0893,1.08943,1.08904,1.08912,137
2024.09.28,14:00,1.08912,1.08954,1.08878,1.08933,680
2024.09.28,15:00,1.08933,1.08952,1.08919,1.08941,495
2024.09.28,16:00,1.08941,1.08973,1.08927,1.0896,211
2024.09.28,17:00,1.0896,1.08976,1.08957,1.0896,292
2024.09.28,18:00,1.0896,1.08995,1.08952,1.08975,802
2024.09.28,19:00,1.08975,1.08979,1.08954,1.08963,925
2024.09.28,20:00,1.08963,1.09058,1.08931,1.0903,556
2024.09.28,21:00,1.0903,1.09057,1.08965,1.08983,978
2024.09.28,22:00,1.08983,1.09025,1.08957,1.09021,262
2024.09.28,23:00,1.09021,1.09078,1.09019,1.09062,369
2024.09.29,00:00,1.09062,1.09093,1.09027,1.09036,937
2024.09.29,01:00,1.09036,1.09104,1.09031,1.09103,257
2024.09.29,02:00,1.09103,1.09135,1.0909,1.09133,693
2024.09.29,03:00,1.09133,1.09169,1.09099,1.09162,297
2024.09.29,04:00,1.09162,1.09181,1.09158,1.09163,398
2024.09.29,05:00,1.09163,1.09192,1.09147,1.09156,529
2024.09.29,06:00,1.09156,1.09169,1.09128,1.0915,423
2024.09.29,07:00,1.0915,1.09177,1.09136,1.09162,887
2024.09.29,08:00,1.09162,1.09265,1.0915,1.09204,975
2024.09.29,09:00,1.09204,1.09231,1.09204,1.09209,550
2024.09.29,10:00,1.09209,1.09234,1.09182,1.09182,572
2024.09.29,11:00,1.09182,1.09217,1.09177,1.09207,149
2024.09.29,12:00,1.09207,1.09265,1.09165,1.09234,310
2024.09.29,13:00,1.09234,1.09255,1.09227,1.09254,135
2024.09.29,14:00,1.09254,1.09288,1.09206,1.09276,870
2024.09.29,15:00,1.09276,1.09313,1.09262,1.09268,304
2024.09.29,16:00,1.09268,1.09282,1.09239,1.0924,406
2024.09.29,17:00,1.0924,1.09262,1.09213,1.09214,858
2024.09.29,18:00,1.09214,1.09252,1.0916,1.09165,741
2024.09.29,19:00,1.09165,1.09175,1.09165,1.09172,659
2024.09.29,20:00,1.09172,1.09217,1.09169,1.0917,134
2024.09.29,21:00,1.0917,1.09196,1.09144,1.09157,606
2024.09.29,22:00,1.09157,1.09167,1.09057,1.09068,604
2024.09.29,23:00,1.09068,1.09084,1.09011,1.0903,387
